lot,revised_priority,visual_condition,title,photo_findings,risk_flags
28,B+,Good/fair,"Magnetic Spring Water Saginaw MI & 7UP bottle","Embossed Saginaw bottle and green 7UP both look intact; residue/dirt on green bottle.","Modest bottle value; no rare variant established"
29,B,Fair/good,"Wesson Oil stoneware crock","Small branded crock; no obvious major crack; interior/bottom staining.","Common form; condition"
30,A,Fair,"Grand Rapids Creamery Co. stoneware crock","Clear local stencil; several base-edge chips/spalls, glaze loss, rim discoloration/crazing.","Condition caps value"
32,B,Good,"Silver Nitrate AgNO3 amber bottle","Amber reagent bottle and glass stopper present; no obvious crack.","Chemical residue/cleanliness unknown"
33,C+/B-,Good visually,"Roycroft pottery jug","Jug looks intact but faint base stamp does not clearly establish Roycroft.","Maker/authenticity uncertain"
68,A,Fair/good,"Bill Freehan signed baseball","Beckett COA visible, cert Z89718; ball yellowed, signature light but readable.","Authentication number should still be independently verified if bidding rises"
124,A-,Good used,"3-jaw gear & bearing puller","All three jaws and forcing screw present; light surface rust; generic/drop-forged.","Not premium Posi-Lock; thread/load condition untested"
125,C+/B-,Mixed used,"Vintage tools lot","Grab hook, hammer head, trowel, chisels/pry tools, tape/hardware; several odd/incomplete pieces.","Low-value mixed utility"
126,B-,Used/rusty,"Vintage hand tools","Grab hooks, nippers, trowel, pry/cold chisels, screwdriver, drill bits.","Common tools; rust"
127,B-,Used,"Hand tools / wrenches","Open-end/S wrench group, masonry drills, file, screw hook.","No premium maker identified"
128,A,Good used,"Caliper/micrometer/gauges/tools","J.T. Slocomb 3-4 inch micrometer plus caliper/gauges/tools; visually complete.","Calibration unknown"
138,A,Fair,"J C Helferich & Son Detroit crock","Clear local advertising; older Ohio pottery maker mark; base-edge chips/spalls.","Condition"
141,A-,Fair,"Upjohn doctor's medical bag","Upjohn top-grain genuine cowhide mark; latch/handles present; empty interior; heavy edge/handle wear.","Leather wear; no contents/key"
143,C,Poor/fair,"Iron horse hames harness","Pair of red hames with hardware; worn/cracked covering and rust.","Decor more than usable tack"
152,A-,Good-looking untested,"Auto XS charger / EverStart 750W unit","Two separate devices; boxed charger/leads/manual plus EverStart inverter-looking unit.","Electrical function unknown"
163m,B/value-dependent,Bright,"2025 American Silver Eagle","Appearance consistent with ASE in capsule.","Photos do not authenticate/grade"
164m,B/value-dependent,Bright,"2025 American Silver Eagle","Appearance consistent with ASE in capsule.","Photos do not authenticate/grade"
165m,B/value-dependent,Bright,"2015 American Silver Eagle","Appearance consistent with ASE in capsule.","Photos do not authenticate/grade"
166m,B/value-dependent,Bright,"2004 American Silver Eagle","Appearance consistent with ASE in capsule.","Photos do not authenticate/grade"
167m,B/value-dependent,Bright,"2025 American Silver Eagle","Appearance consistent with ASE in capsule.","Photos do not authenticate/grade"
168,D,Circulated,"1977-D Eisenhower dollar","Photo shows ordinary clad 1977-D coin, not 40% silver.","CATALOG SILVER DESCRIPTION NOT SUPPORTED"
169,D,Circulated,"1978 Eisenhower dollar","Photo supports ordinary clad issue.","CATALOG SILVER DESCRIPTION NOT SUPPORTED"
170,D,Circulated,"1978 Eisenhower dollar","Photo supports ordinary clad issue.","CATALOG SILVER DESCRIPTION NOT SUPPORTED"
171,D,Circulated,"1776-1976-D Eisenhower dollar","D mint visible; ordinary clad issue.","CATALOG SILVER DESCRIPTION NOT SUPPORTED"
172,D,Circulated,"1974 Eisenhower dollar","No photo evidence of San Francisco silver issue; treat as clad.","CATALOG SILVER DESCRIPTION NOT SUPPORTED"
173,D,Circulated,"1974 Eisenhower dollar","Treat as ordinary clad from photos.","CATALOG SILVER DESCRIPTION NOT SUPPORTED"
174,D,Circulated,"1973 Eisenhower dollar","Treat as ordinary clad from photos.","CATALOG SILVER DESCRIPTION NOT SUPPORTED"
175,D,Circulated,"1973 Eisenhower dollar","Treat as ordinary clad from photos.","CATALOG SILVER DESCRIPTION NOT SUPPORTED"
176,D,Circulated,"1972 Eisenhower dollar","Treat as ordinary clad from photos.","CATALOG SILVER DESCRIPTION NOT SUPPORTED"
177,D,Circulated,"1971 Eisenhower dollar","Treat as ordinary clad from photos.","CATALOG SILVER DESCRIPTION NOT SUPPORTED"
178,B-/melt oriented,Poor,"1928 Peace dollar","90% silver type; heavy wear and severely battered/distorted rim.","Low numismatic quality"
179,D,Poor/fair,"1972 Eisenhower dollar","Clad-looking coin with dark corrosion/spot.","CATALOG SILVER DESCRIPTION NOT SUPPORTED"
180,B/value-dependent,Circulated,"1964 + 2001 Kennedy halves","1964 half is 90% silver; 2001 half is clad.","Only one silver coin"
183,A-,Fair/good,"5-gal Western stoneware dispenser","Lid, wire handles, wood spigot present; body looks intact; age/crazing and lid wear.","Hidden hairlines/leaks not testable"
194,"A-/B+ personal use",Unknown folded,"Two tarps","Both photographed folded; no obvious visible damage.","Dimensions and hidden tears cannot be verified"
207,B,Fair,"Mickey Mouse / Disney 8mm films","Two graphic boxes and reels/film present.","Film condition untested"
208,A,Good-looking untested,"Bach Soloist trombone","Horn, slide, mouthpiece, hard case present; no obvious major dent/bend.","Playability/serial unknown"
212,B+,Good,"Tin litho friction motorcycle with box","Clean toy with worn box/insert.","Maker/age/function uncertain; possible later issue"
237,A,Good used untested,"Mr. Heater Buddy","Tile, guard, housing and propane connection appear intact.","Function/safety untested"
251,B,Good used,"Tonka Turbo Diesel XMB-975","Clean later-era truck; dump/chassis/wheels intact-looking.","Not early premium Tonka category"
256,A/value-only,Good used,"14K men's band 8.94g","14K hallmark visible; scale shows ~8.94g; plain band.","Assay not performed; all-in price vs melt"
261,A-,Fair/good,"Red Wing/Union Stoneware jug","Impressed maker mark, intact handle, normal glaze wear/spalls.","Hidden hairlines"
263,A-,Good,"Red Wing USA floral vase","Faint Red Wing USA mark visible; no obvious chip/crack.","1893 title wording should not be treated as a date"
272,B+,Fair,"Red Wing 2-gallon crock","Red wing/oval stamp; large rim chip clearly visible; no obvious body crack.","Significant rim damage"
273,A-,Fair/good,"Dietz No. 2 D-Lite lantern","Marked Dietz globe intact; burner appears present; weathering/rust.","Function/fuel tightness untested"
298,B,Fair,"Galvanized toolbox","Large green single-compartment box; handle/latch present; seam rust; CARL BALL stencil.","Low resale; rust"
312,C+/B-,Good,"Ornate brass-looking mortar/pestle","Heavy decorative animal-head piece; visible mark/style does not prove old pharmacy provenance.","Age/origin uncertain"
313,C,Good,"Small brass mortar/pestle","Tiny decorative/common brass set; no important maker seen.","Low value"
314,B,Fair/good,"Acid-proof porcelain mortar/pestle","White porcelain set with faint warranted/acid-proof stamp; staining, no obvious major damage.","Exact maker/age unclear"
315,C+/B-,Good,"Clear glass mortar/pestle","Complete and apparently undamaged.","Common"
318,C,Fair used,"Ford oval emblems","Two modern used Ford badges; rear adhesive/residue and mounting points.","Fitment unknown; not vintage"
325,C+/B-,Mixed good,"Mixed apothecary/medical bottles","Two Watkins, aqua embossed bottle, graduated/stopped lab bottle, common clear bottles.","No standout local/rare bottle identified"
326,C,Poor/fair,"Primitive hand tools","Brace, hacksaw, pincers, shears, odd wrench; heavy rust.","Mixed utility; decor"
328,A,Fair,"Lansing Pure Ice Co. ice tongs","Company lettering clearly cast; complete jaws with surface rust/patina.","Rust but strong local identity"
329,C,Poor/fair,"Primitive horse shears","Wood-handled clippers, heavy rust, teeth mostly present.","Function unknown"
334,C,Fair/good,"Bushnell 8x21 compact binoculars","Pouch present; through-lens photo shows image transmission.","Common low-dollar optics; optical quality unknown"
