priority,lot,title,intent,quick_note
A,30,"Grand Rapids Creamery Co. Stoneware Crock","Resale/local collectible","Strong West Michigan local-advertising angle. Check size, cracks/chips, exact stencil/mark and hidden damage."
B,33,"Roycroft Pottery Jug","Collectible","Verify mark, age, size and damage; do not assume high value from the name alone."
A,68,"Bill Freehan Signed Baseball — Beckett certification","Resale/Detroit sports","Confirm Beckett certification, signature and ball condition."
A,124,"3 Jaw Gear & Bearing Puller","Personal/shop","Check jaw size, screw condition and completeness."
A,128,"Caliper, Micrometer, Pry Bar, Gauges, Drill Bits","Personal/shop","Brand, range, calibration and rust matter."
A,138,"J C Helferich & Son Detroit Mich Crock","Resale/local collectible","Check cracks, hairlines, staining, maker marks and dimensions."
A,141,"Upjohn Doctor's Medical Bag","Resale/local collectible","Inspect lining, hardware, logo/marking and contents."
A,152,"Auto XS Battery Charger / EverStart 750W Power Item","Personal/shop","Need exact models, output specs, cables/accessories and working evidence."
A,163–180,"Silver Coin Group","Intrinsic/value","Anchor against silver content; still verify authenticity and title accuracy."
A,183,"5 Gal Western Cold Drink Stoneware Dispenser","Resale/collectible","Check lid/spigot, maker, decoration and hairlines."
B,194,"Tarps — approx. 20x40 and 7x7","Personal/farm","Verify dimensions and material condition."
B,207,"Mickey Mouse / Disney 8mm Films","Resale/collectible","Titles, reels/boxes and film condition determine value."
A,208,"Bach Soloist Trombone with Hard Case","Resale","Need model/serial, slide condition, dents and mouthpiece."
A,212,"Tin Litho Friction Motorcycle — Original Box","Resale/collectible","Need maker/country, function, completeness, litho wear and box condition."
B,223,"Vintage Camera Lot","Resale","Look for a better model/lens/accessory hiding among common cameras."
B,224,"1946 Tailor Salesman Sample Box","Resale/oddity","Value depends on completeness, labels, fabrics and display appeal."
A,237,"Mr. Heater Portable Buddy","Personal/farm/shop","Confirm exact model, guard/regulator condition, ignition and age."
B,251,"Tonka Turbo Diesel XMB-975 Pressed-Steel Dump Truck","Resale/collectible","Check size, decals, rust, tires and moving parts."
A,256,"14k Gold Men's Wedding Ring — 8.94 g stated","Intrinsic/value","Verify hallmark and stated weight."
A,261 / 263 / 272,"Red Wing Stoneware Group","Resale/collectible","Prioritize clean decoration, desirable forms and no cracks."
A,273,"Dietz N.Y. USA #2 D-LITE Lantern","Personal/decor/resale","Check globe markings, burner, tank rust/perforation and originality."
A,298,"Galvanized Toolbox","Personal/shop","Check dimensions, hinges/latches and rust-through."
A,310–313,"Pharmacy / Apothecary Brass and Mortar & Pestle Lots","Resale/collectible","Need maker marks, dimensions, material confirmation and damage."
A,323,"10 Mixed Antique Apothecary / Medical Bottles","Resale/collectible","Inspect each bottle for names, chips, cracks and color."
A,326,"Lansing Pure Ice Co. Ice Tongs","Resale/local collectible","Verify lettering, completeness and condition."
B,332,"Bushnell 8x21 Compact Binoculars","Personal","Common item; only interesting cheaply."
