lot,hibid_lot_id,item_id,current_bid,price_realized,bid_count,photo_count,status,time_left_seconds,category,title,lot_url
1,322740489,661688,2.0,0,1,20,OPEN,354378.82,Computers & Electronics - Cameras & Camera Accessories - Vintage Cameras | Computers & Electronics - Cameras & Camera Accessories | Computers & Electronics,"vintage Film Reel Box, White Fruit Cake Tin& Red",https://hibid.com/lot/322740489
2,322740492,661689,0.0,0,0,11,OPEN,354388.817,Antiques & Collectibles - Collectibles - Figurines | Antiques & Collectibles - Collectibles | Antiques & Collectibles,1978 Johnathan & David Precious Moments figurines,https://hibid.com/lot/322740492
3,322740493,661690,2.0,0,1,19,OPEN,354398.81299999997,Antiques & Collectibles - Collectibles - Advertising | Antiques & Collectibles - Collectibles | Antiques & Collectibles,"Quaker White Oats, Calumet Baking Powder Tins &",https://hibid.com/lot/322740493
4,322740495,661691,2.0,0,1,13,OPEN,354408.81,Art - Pottery / Ceramics | Art,Jefferson Glass “ Many Loops” & California,https://hibid.com/lot/322740495
5,322740497,661692,8.0,0,4,8,OPEN,354418.807,Antiques & Collectibles - Collectibles - Kitchen / Home | Antiques & Collectibles - Collectibles | Antiques & Collectibles,Fenton Cranberry Basket,https://hibid.com/lot/322740497
6,322740499,661693,3.0,0,2,8,OPEN,354428.8,Antiques & Collectibles - Collectibles - Decorative - Bowls | Antiques & Collectibles - Collectibles - Decorative | Antiques & Collectibles - Collectibles | Antiques & Collectibles,Northwood Glass Company Footed Opalescent Bowl,https://hibid.com/lot/322740499
7,322740501,661694,0.0,0,0,14,OPEN,354438.79699999996,Antiques & Collectibles - Collectibles - Decorative - Vases / Jars | Antiques & Collectibles - Collectibles - Decorative | Antiques & Collectibles - Collectibles | Antiques & Collectibles,Red Wing Vase & Pedestal Candy Dish,https://hibid.com/lot/322740501
8,322740503,661695,2.0,0,1,8,OPEN,354448.793,Antiques & Collectibles - Collectibles - Kitchen / Home | Antiques & Collectibles - Collectibles | Antiques & Collectibles,Vintage Tumblers Set of Four,https://hibid.com/lot/322740503
9,322740506,661696,2.0,0,1,9,OPEN,354458.79,Antiques & Collectibles - Collectibles - Decorative - Vases / Jars | Antiques & Collectibles - Collectibles - Decorative | Antiques & Collectibles - Collectibles | Antiques & Collectibles,Dugan Vases,https://hibid.com/lot/322740506
10,322740507,661697,2.0,0,1,6,OPEN,354468.787,Antiques & Collectibles - Collectibles - Decorative - Vases / Jars | Antiques & Collectibles - Collectibles - Decorative | Antiques & Collectibles - Collectibles | Antiques & Collectibles,Victorian Swung Vase,https://hibid.com/lot/322740507
11,322740508,661698,4.0,0,3,15,OPEN,354478.783,Antiques & Collectibles - Collectibles - Kitchen / Home | Antiques & Collectibles - Collectibles | Antiques & Collectibles,1950s Japanese Majolica-style Sugar & Creamer Set,https://hibid.com/lot/322740508
12,322740509,661699,0.0,0,0,7,OPEN,354488.77999999997,Antiques & Collectibles - Collectibles - Kitchen / Home | Antiques & Collectibles - Collectibles | Antiques & Collectibles,Glass Salt Cellars Set of 6,https://hibid.com/lot/322740509
13,322740510,661700,3.0,0,2,7,OPEN,354498.777,Antiques & Collectibles - Collectibles - Kitchen / Home | Antiques & Collectibles - Collectibles | Antiques & Collectibles,McKee Salt & Pepper Shakers,https://hibid.com/lot/322740510
14,322740511,661701,0.0,0,0,11,OPEN,354508.773,Art - Pottery / Ceramics | Art,Beamer Pottery Jar & Hand Made Pottery Tile,https://hibid.com/lot/322740511
15,322740512,661702,2.0,0,1,7,OPEN,354518.76999999996,Antiques & Collectibles - Collectibles - Figurines | Antiques & Collectibles - Collectibles | Antiques & Collectibles,Red Mill Pecan Shell Eagle Figurine,https://hibid.com/lot/322740512
16,322740513,661703,2.0,0,1,9,OPEN,354528.767,Antiques & Collectibles - Collectibles - Figurines | Antiques & Collectibles - Collectibles | Antiques & Collectibles,Porcelain Homco Pixie Elves Set of Two,https://hibid.com/lot/322740513
17,322740514,661704,0.0,0,0,7,OPEN,354538.763,Antiques & Collectibles - Collectibles - Decorative - Vases / Jars | Antiques & Collectibles - Collectibles - Decorative | Antiques & Collectibles - Collectibles | Antiques & Collectibles,Gold Murano Guilded Vase & Dragon Ware Vase,https://hibid.com/lot/322740514
18,322740515,661705,0.0,0,0,14,OPEN,354548.76,Antiques & Collectibles - Collectibles - Cultures / Ethnicities | Antiques & Collectibles - Collectibles | Antiques & Collectibles,"Horn, Native Chief & Projectile",https://hibid.com/lot/322740515
19,322740516,661706,0.0,0,0,6,OPEN,354558.757,Antiques & Collectibles - Collectibles - Cultures / Ethnicities | Antiques & Collectibles - Collectibles | Antiques & Collectibles,Tipple Topple Austria Native,https://hibid.com/lot/322740516
20,322740517,661707,0.0,0,0,13,OPEN,354568.75,Antiques & Collectibles - Collectibles - Cultures / Ethnicities | Antiques & Collectibles - Collectibles | Antiques & Collectibles,Indian Tribes America Cedar Box,https://hibid.com/lot/322740517
21,322740519,661708,0.0,0,0,5,OPEN,354578.75,Furniture - Chairs / Stools | Furniture,Clothes Pin Chairs,https://hibid.com/lot/322740519
22,322740521,661709,6.0,0,4,9,OPEN,354588.747,Antiques & Collectibles - Collectibles - Decorative - Bowls | Antiques & Collectibles - Collectibles - Decorative | Antiques & Collectibles - Collectibles | Antiques & Collectibles,Porcelain Hand Painted Nippon Bowl,https://hibid.com/lot/322740521
23,322740523,661710,3.0,0,2,8,OPEN,354598.74,Antiques & Collectibles - Collectibles - Decorative - Vases / Jars | Antiques & Collectibles - Collectibles - Decorative | Antiques & Collectibles - Collectibles | Antiques & Collectibles,Weller Art Pottery Vase,https://hibid.com/lot/322740523
24,322740524,661711,0.0,0,0,16,OPEN,354608.74,Antiques & Collectibles - Collectibles - Kitchen / Home | Antiques & Collectibles - Collectibles | Antiques & Collectibles,"Hemingray-42 , 17 & Whitall Tatum No. 2 Clear",https://hibid.com/lot/322740524
25,322740526,661713,2.0,0,1,8,OPEN,354618.733,Antiques & Collectibles - Collectibles - Kitchen / Home | Antiques & Collectibles - Collectibles | Antiques & Collectibles,(2)Hemingray glass Insulators- 1893,https://hibid.com/lot/322740526
26,322740528,661714,2.0,0,1,12,OPEN,354628.73,Art - Glass Art | Art,Clear Glass Elephant Weight & Apple Paper Weight,https://hibid.com/lot/322740528
27,322740530,661715,14.0,0,9,8,OPEN,354638.73,Antiques & Collectibles - Collectibles - Decorative - Vases / Jars | Antiques & Collectibles - Collectibles - Decorative | Antiques & Collectibles - Collectibles | Antiques & Collectibles,Jefferson Glass Blue Diamond Thumbprint Vase,https://hibid.com/lot/322740530
28,322740532,661716,0.0,0,0,15,OPEN,354648.723,Antiques & Collectibles - Collectibles - Advertising | Antiques & Collectibles - Collectibles | Antiques & Collectibles,Magnetic Spring Water Saginaw MI & 7UP Bottle,https://hibid.com/lot/322740532
29,322740533,661717,5.0,0,4,8,OPEN,354658.72,Antiques & Collectibles - Collectibles - Kitchen / Home | Antiques & Collectibles - Collectibles | Antiques & Collectibles,Wesson Oil Stoneware Crock,https://hibid.com/lot/322740533
30,322740535,661718,6.0,0,5,7,OPEN,354668.717,Antiques & Collectibles - Collectibles - Kitchen / Home | Antiques & Collectibles - Collectibles | Antiques & Collectibles,"""Grand Rapids Creamery Co."" Stoneware Crock",https://hibid.com/lot/322740535
31,322740536,661719,0.0,0,0,15,OPEN,354678.713,Antiques & Collectibles - Collectibles - Advertising | Antiques & Collectibles - Collectibles | Antiques & Collectibles,Vintage Pepsi Bottle W/ Perry Marbles & Handle,https://hibid.com/lot/322740536
32,322740538,661720,3.0,0,2,7,OPEN,354688.70999999996,Antiques & Collectibles - Collectibles - Advertising | Antiques & Collectibles - Collectibles | Antiques & Collectibles,Amber Silver Nitrate Ag NO3 Bottle,https://hibid.com/lot/322740538
33,322740539,661721,2.0,0,1,7,OPEN,354698.707,Art - Pottery / Ceramics | Art,Roycroft Pottery Jug,https://hibid.com/lot/322740539
34,322740541,661722,2.0,0,1,8,OPEN,354708.7,Antiques & Collectibles - Collectibles - Kitchen / Home | Antiques & Collectibles - Collectibles | Antiques & Collectibles,Blue & White Stone ware Pitcher,https://hibid.com/lot/322740541
35,322740542,661772,2.0,0,1,9,OPEN,354718.697,Antiques & Collectibles - Collectibles - Sports Cards / Memorabilia - Basketball Trading Cards | Antiques & Collectibles - Collectibles - Sports Cards / Memorabilia | Antiques & Collectibles - Collectibles | Antiques & Collectibles,+/- 1044 NBA Basketball Trading Cards w/Binder,https://hibid.com/lot/322740542
36,322740543,661773,0.0,0,0,9,OPEN,354728.69299999997,Antiques & Collectibles - Collectibles - Sports Cards / Memorabilia - Baseball Trading Cards | Antiques & Collectibles - Collectibles - Sports Cards / Memorabilia | Antiques & Collectibles - Collectibles | Antiques & Collectibles,+/- 846 MLB Baseball Trading Cards w/Binder,https://hibid.com/lot/322740543
37,322740544,661774,0.0,0,0,9,OPEN,354738.69,Antiques & Collectibles - Collectibles - Sports Cards / Memorabilia - Football Trading Cards | Antiques & Collectibles - Collectibles - Sports Cards / Memorabilia | Antiques & Collectibles - Collectibles | Antiques & Collectibles,+/- 864 NFL Football Trading Cards w/Binder,https://hibid.com/lot/322740544
38,322740545,661775,0.0,0,0,5,OPEN,354748.687,Antiques & Collectibles - Collectibles - Sports Cards / Memorabilia - Basketball Trading Cards | Antiques & Collectibles - Collectibles - Sports Cards / Memorabilia | Antiques & Collectibles - Collectibles | Antiques & Collectibles,+/- 220 NBA Basketball Long Trading Cards,https://hibid.com/lot/322740545
39,322740546,661776,2.0,0,1,4,OPEN,354758.68,Antiques & Collectibles - Collectibles - Entertainment Memorabilia | Antiques & Collectibles - Collectibles | Antiques & Collectibles,+/- 100 Trading Card Binder Sleeves,https://hibid.com/lot/322740546
40,322740547,661777,2.0,0,1,4,OPEN,354768.68,Antiques & Collectibles - Collectibles - Sports Cards / Memorabilia - Basketball Trading Cards | Antiques & Collectibles - Collectibles - Sports Cards / Memorabilia | Antiques & Collectibles - Collectibles | Antiques & Collectibles,+/- 1500 NBA Basketball Trading Cards,https://hibid.com/lot/322740547
41,322740548,661778,2.0,0,1,4,OPEN,354778.673,Antiques & Collectibles - Collectibles - Sports Cards / Memorabilia - Baseball Trading Cards | Antiques & Collectibles - Collectibles - Sports Cards / Memorabilia | Antiques & Collectibles - Collectibles | Antiques & Collectibles,+/- 1500 MLB Baseball Trading Cards,https://hibid.com/lot/322740548
42,322740549,661779,2.0,0,1,5,OPEN,354788.673,Antiques & Collectibles - Collectibles - Sports Cards / Memorabilia - Basketball Trading Cards | Antiques & Collectibles - Collectibles - Sports Cards / Memorabilia | Antiques & Collectibles - Collectibles | Antiques & Collectibles,+/- 1500 NBA Basketball Trading Cards,https://hibid.com/lot/322740549
43,322740551,661780,2.0,0,1,4,OPEN,354798.67,Antiques & Collectibles - Collectibles - Sports Cards / Memorabilia - Baseball Trading Cards | Antiques & Collectibles - Collectibles - Sports Cards / Memorabilia | Antiques & Collectibles - Collectibles | Antiques & Collectibles,+/- 1300 MLB Baseball Trading Cards,https://hibid.com/lot/322740551
44,322740553,661781,2.0,0,1,4,OPEN,354808.66699999996,Antiques & Collectibles - Collectibles - Sports Cards / Memorabilia - Basketball Trading Cards | Antiques & Collectibles - Collectibles - Sports Cards / Memorabilia | Antiques & Collectibles - Collectibles | Antiques & Collectibles,+/- 1500 NBA Basketball Trading Cards,https://hibid.com/lot/322740553
45,322740555,661782,2.0,0,1,4,OPEN,354818.663,Antiques & Collectibles - Collectibles - Sports Cards / Memorabilia - Baseball Trading Cards | Antiques & Collectibles - Collectibles - Sports Cards / Memorabilia | Antiques & Collectibles - Collectibles | Antiques & Collectibles,+/- 1162 MLB Baseball Trading Cards,https://hibid.com/lot/322740555
46,322740557,661783,2.0,0,1,4,OPEN,354828.66,Antiques & Collectibles - Collectibles - Sports Cards / Memorabilia - Basketball Trading Cards | Antiques & Collectibles - Collectibles - Sports Cards / Memorabilia | Antiques & Collectibles - Collectibles | Antiques & Collectibles,+/- 1500 NBA Basketball Trading Cards,https://hibid.com/lot/322740557
47,322740559,661784,2.0,0,1,4,OPEN,354838.66,Antiques & Collectibles - Collectibles - Sports Cards / Memorabilia - Football Trading Cards | Antiques & Collectibles - Collectibles - Sports Cards / Memorabilia | Antiques & Collectibles - Collectibles | Antiques & Collectibles,+/- 1725 NFL Football Trading Cards,https://hibid.com/lot/322740559
48,322740561,661785,2.0,0,1,4,OPEN,354848.653,Antiques & Collectibles - Collectibles - Sports Cards / Memorabilia - Basketball Trading Cards | Antiques & Collectibles - Collectibles - Sports Cards / Memorabilia | Antiques & Collectibles - Collectibles | Antiques & Collectibles,+/- 1500 NBA Basketball Trading Cards,https://hibid.com/lot/322740561
49,322740563,661786,2.0,0,1,4,OPEN,354858.64999999997,Antiques & Collectibles - Collectibles - Sports Cards / Memorabilia - Baseball Trading Cards | Antiques & Collectibles - Collectibles - Sports Cards / Memorabilia | Antiques & Collectibles - Collectibles | Antiques & Collectibles,+/- 925 MLB Baseball Trading Cards,https://hibid.com/lot/322740563
50,322740565,661787,2.0,0,1,4,OPEN,354868.64999999997,Antiques & Collectibles - Collectibles - Sports Cards / Memorabilia - Basketball Trading Cards | Antiques & Collectibles - Collectibles - Sports Cards / Memorabilia | Antiques & Collectibles - Collectibles | Antiques & Collectibles,+/- 1096 NBA Basketball Trading Cards,https://hibid.com/lot/322740565
51,322740567,661788,6.0,0,5,4,OPEN,354878.647,Antiques & Collectibles - Collectibles - Sports Cards / Memorabilia - Baseball Trading Cards | Antiques & Collectibles - Collectibles - Sports Cards / Memorabilia | Antiques & Collectibles - Collectibles | Antiques & Collectibles,1988 Score MLB Baseball Gum-pack Cards 36 Factory,https://hibid.com/lot/322740567
52,322740569,661789,2.0,0,1,5,OPEN,354888.63999999996,Antiques & Collectibles - Collectibles - Sports Cards / Memorabilia - Baseball Trading Cards | Antiques & Collectibles - Collectibles - Sports Cards / Memorabilia | Antiques & Collectibles - Collectibles | Antiques & Collectibles,+/- 1649 Topps MLB Baseball Trading Cards,https://hibid.com/lot/322740569
53,322740570,661790,2.0,0,1,4,OPEN,354898.63999999996,Antiques & Collectibles - Collectibles - Sports Cards / Memorabilia - Baseball Trading Cards | Antiques & Collectibles - Collectibles - Sports Cards / Memorabilia | Antiques & Collectibles - Collectibles | Antiques & Collectibles,+/- 1631 Topps MLB Baseball Trading Cards 1985,https://hibid.com/lot/322740570
54,322740571,661791,2.0,0,1,4,OPEN,354908.637,Antiques & Collectibles - Collectibles - Sports Cards / Memorabilia - Baseball Trading Cards | Antiques & Collectibles - Collectibles - Sports Cards / Memorabilia | Antiques & Collectibles - Collectibles | Antiques & Collectibles,+/- 1332 Donruss MLB Baseball Trading Cards 1982,https://hibid.com/lot/322740571
55,322740572,661792,2.0,0,1,4,OPEN,354918.633,Antiques & Collectibles - Collectibles - Sports Cards / Memorabilia - Baseball Trading Cards | Antiques & Collectibles - Collectibles - Sports Cards / Memorabilia | Antiques & Collectibles - Collectibles | Antiques & Collectibles,+/- 1610 Donruss & Bowman MLB Baseball Trading,https://hibid.com/lot/322740572
56,322740573,661793,2.0,0,1,5,OPEN,354928.63,Antiques & Collectibles - Collectibles - Sports Cards / Memorabilia - Baseball Trading Cards | Antiques & Collectibles - Collectibles - Sports Cards / Memorabilia | Antiques & Collectibles - Collectibles | Antiques & Collectibles,+/- 1567 1982/84 Donruss MLB Baseball Trading,https://hibid.com/lot/322740573
57,322740574,661794,2.0,0,1,4,OPEN,354938.627,Antiques & Collectibles - Collectibles - Sports Cards / Memorabilia - Baseball Trading Cards | Antiques & Collectibles - Collectibles - Sports Cards / Memorabilia | Antiques & Collectibles - Collectibles | Antiques & Collectibles,+/- 1585 Donruss MLB Baseball Trading,https://hibid.com/lot/322740574
58,322740575,661795,2.0,0,1,5,OPEN,354948.62299999996,Antiques & Collectibles - Collectibles - Sports Cards / Memorabilia - Baseball Trading Cards | Antiques & Collectibles - Collectibles - Sports Cards / Memorabilia | Antiques & Collectibles - Collectibles | Antiques & Collectibles,+/- 1297 Fleer MLB Baseball Trading,https://hibid.com/lot/322740575
59,322740576,661796,2.0,0,1,4,OPEN,354958.62,Antiques & Collectibles - Collectibles - Sports Cards / Memorabilia - Football Trading Cards | Antiques & Collectibles - Collectibles - Sports Cards / Memorabilia | Antiques & Collectibles - Collectibles | Antiques & Collectibles,+/- 1549 NFL Football Trading Cards,https://hibid.com/lot/322740576
60,322740577,661797,2.0,0,1,5,OPEN,354968.61699999997,Antiques & Collectibles - Collectibles - Sports Cards / Memorabilia - Football Trading Cards | Antiques & Collectibles - Collectibles - Sports Cards / Memorabilia | Antiques & Collectibles - Collectibles | Antiques & Collectibles,+/- 1615 NFL Football Trading Cards,https://hibid.com/lot/322740577
61,322740578,661798,2.0,0,1,4,OPEN,354978.613,Antiques & Collectibles - Collectibles - Sports Cards / Memorabilia - Football Trading Cards | Antiques & Collectibles - Collectibles - Sports Cards / Memorabilia | Antiques & Collectibles - Collectibles | Antiques & Collectibles,+/- 1628 NFL Football Trading Cards,https://hibid.com/lot/322740578
62,322740579,661799,2.0,0,1,4,OPEN,354988.61,Antiques & Collectibles - Collectibles - Sports Cards / Memorabilia - Football Trading Cards | Antiques & Collectibles - Collectibles - Sports Cards / Memorabilia | Antiques & Collectibles - Collectibles | Antiques & Collectibles,+/- 1637 NFL Football Trading Cards,https://hibid.com/lot/322740579
63,322740581,661800,2.0,0,1,6,OPEN,354998.60699999996,Antiques & Collectibles - Collectibles - Sports Cards / Memorabilia - Hockey Trading Cards | Antiques & Collectibles - Collectibles - Sports Cards / Memorabilia | Antiques & Collectibles - Collectibles | Antiques & Collectibles,+/- 1913 NHL Hockey Trading Cards,https://hibid.com/lot/322740581
64,322740583,661801,0.0,0,0,6,OPEN,355008.6,Antiques & Collectibles - Collectibles - Sports Cards / Memorabilia - Memorabilia | Antiques & Collectibles - Collectibles - Sports Cards / Memorabilia | Antiques & Collectibles - Collectibles | Antiques & Collectibles,2015 New England Patriots Yearbook & 2001 Super,https://hibid.com/lot/322740583
65,322740585,661802,0.0,0,0,6,OPEN,355018.593,Sporting Goods - Sporting Goods / Outdoor Recreation - Outdoor Games & Sports Equipment | Sporting Goods - Sporting Goods / Outdoor Recreation | Sporting Goods,Vintage NFL Buffalo Bills Small Duffle Bag,https://hibid.com/lot/322740585
66,322740587,661803,2.0,0,1,6,OPEN,355028.58999999997,Antiques & Collectibles - Collectibles - Sports Cards / Memorabilia - Memorabilia | Antiques & Collectibles - Collectibles - Sports Cards / Memorabilia | Antiques & Collectibles - Collectibles | Antiques & Collectibles,Detroit Lions Barry Sanders Wall Plaque Clock w/,https://hibid.com/lot/322740587
67,322740589,661808,0.0,0,0,4,OPEN,355038.58999999997,Antiques & Collectibles - Collectibles - Sports Cards / Memorabilia - Hockey Trading Cards | Antiques & Collectibles - Collectibles - Sports Cards / Memorabilia | Antiques & Collectibles - Collectibles | Antiques & Collectibles,+/- 1500 NHL Hockey Trading Cards,https://hibid.com/lot/322740589
68,322740591,661809,3.0,0,2,7,OPEN,355048.583,Antiques & Collectibles - Collectibles - Sports Cards / Memorabilia - Autographs | Antiques & Collectibles - Collectibles - Sports Cards / Memorabilia | Antiques & Collectibles - Collectibles | Antiques & Collectibles,Bill Freehan Signed Baseball Certification by,https://hibid.com/lot/322740591
69,322740593,661810,0.0,0,0,5,OPEN,355058.57999999996,Antiques & Collectibles - Collectibles - Sports Cards / Memorabilia - Autographs | Antiques & Collectibles - Collectibles - Sports Cards / Memorabilia | Antiques & Collectibles - Collectibles | Antiques & Collectibles,Gregg Watson Hand Print & Autographed Baseball,https://hibid.com/lot/322740593
70,322740595,661815,2.0,0,1,7,OPEN,355068.57999999996,Antiques & Collectibles - Collectibles - Sports Cards / Memorabilia - Memorabilia | Antiques & Collectibles - Collectibles - Sports Cards / Memorabilia | Antiques & Collectibles - Collectibles | Antiques & Collectibles,"1992 Kellogg's Raisin Bran ""College Basketball",https://hibid.com/lot/322740595
71,322740597,661816,0.0,0,0,4,OPEN,355078.573,Antiques & Collectibles - Collectibles - Sports Cards / Memorabilia - Memorabilia | Antiques & Collectibles - Collectibles - Sports Cards / Memorabilia | Antiques & Collectibles - Collectibles | Antiques & Collectibles,Central Michigan University Flag 36”x60”,https://hibid.com/lot/322740597
72,322740599,661817,10.0,0,6,9,OPEN,355088.57,Antiques & Collectibles - Collectibles - Comicbooks | Antiques & Collectibles - Collectibles | Antiques & Collectibles,"(7) Hot Stuff The Little Devil Comic Books .12,",https://hibid.com/lot/322740599
73,322740600,661822,3.0,0,2,8,OPEN,355098.567,Antiques & Collectibles - Collectibles - Comicbooks | Antiques & Collectibles - Collectibles | Antiques & Collectibles,"Spooky, Casper & Wendy Comic Books",https://hibid.com/lot/322740600
74,322740601,661823,3.0,0,2,7,OPEN,355108.56299999997,Antiques & Collectibles - Collectibles - Comicbooks | Antiques & Collectibles - Collectibles | Antiques & Collectibles,"(6) Vintage Comic Books 1965-1981 Richie Rich,",https://hibid.com/lot/322740601
75,322740602,661826,2.0,0,1,7,OPEN,355118.56,Antiques & Collectibles - Collectibles - Books | Antiques & Collectibles - Collectibles | Antiques & Collectibles,"Vintage Congo Boy Book, Official Program 1945,",https://hibid.com/lot/322740602
76,322740603,661833,7.0,0,5,7,OPEN,355128.557,Antiques & Collectibles - Collectibles - Decorative - Bowls | Antiques & Collectibles - Collectibles - Decorative | Antiques & Collectibles - Collectibles | Antiques & Collectibles,Jefferson Glass Green Opalescent Grapevine Bowl,https://hibid.com/lot/322740603
77,322740604,661834,9.0,0,6,9,OPEN,355138.55299999996,Antiques & Collectibles - Collectibles - Decorative - Vases / Jars | Antiques & Collectibles - Collectibles - Decorative | Antiques & Collectibles - Collectibles | Antiques & Collectibles,"Fenton ""Country Cranberry"" Glass Vase",https://hibid.com/lot/322740604
78,322740605,661835,9.0,0,5,9,OPEN,355148.55,Antiques & Collectibles - Collectibles - Kitchen / Home | Antiques & Collectibles - Collectibles | Antiques & Collectibles,Fenton Glass Scroll & Eye Pattern Blue Opalescent,https://hibid.com/lot/322740605
79,322740606,661836,3.0,0,2,7,OPEN,355158.54699999996,Antiques & Collectibles - Collectibles - Kitchen / Home | Antiques & Collectibles - Collectibles | Antiques & Collectibles,Fenton Amberina Hobnail Pedestal Dish,https://hibid.com/lot/322740606
80,322740607,661837,3.0,0,2,8,OPEN,355168.54,Antiques & Collectibles - Collectibles - Decorative - Vases / Jars | Antiques & Collectibles - Collectibles - Decorative | Antiques & Collectibles - Collectibles | Antiques & Collectibles,Dugan Glass Beauty Bud Swung Carnival Glass Vase,https://hibid.com/lot/322740607
81,322740608,661838,10.0,0,6,8,OPEN,355178.533,Antiques & Collectibles - Collectibles - Kitchen / Home | Antiques & Collectibles - Collectibles | Antiques & Collectibles,Fenton Colonial Blue Glass Compote,https://hibid.com/lot/322740608
82,322740609,661839,9.0,0,6,10,OPEN,355188.52999999997,Antiques & Collectibles - Collectibles - Kitchen / Home | Antiques & Collectibles - Collectibles | Antiques & Collectibles,Fenton Cranberry Coin Dot Cruet w/ Glass Topper,https://hibid.com/lot/322740609
83,322740610,661840,3.0,0,2,8,OPEN,355198.527,Antiques & Collectibles - Collectibles - Decorative - Bowls | Antiques & Collectibles - Collectibles - Decorative | Antiques & Collectibles - Collectibles | Antiques & Collectibles,Northwood Amethyst Carnival Glass Bowl,https://hibid.com/lot/322740610
84,322740612,661841,5.0,0,4,6,OPEN,355208.523,Antiques & Collectibles - Collectibles - Decorative - Bowls | Antiques & Collectibles - Collectibles - Decorative | Antiques & Collectibles - Collectibles | Antiques & Collectibles,Jefferson Glass Green Opalescent Glass Bowl,https://hibid.com/lot/322740612
85,322740614,661842,10.0,0,6,8,OPEN,355218.51999999996,Antiques & Collectibles - Collectibles - Kitchen / Home | Antiques & Collectibles - Collectibles | Antiques & Collectibles,Fenton Marigold “Birds & Cherries” Glass Bonbon,https://hibid.com/lot/322740614
86,322740616,661843,9.0,0,6,9,OPEN,355228.517,Antiques & Collectibles - Collectibles - Decorative - Vases / Jars | Antiques & Collectibles - Collectibles - Decorative | Antiques & Collectibles - Collectibles | Antiques & Collectibles,L.E. Smith Black Amethyst Glass Flower Frog Vase,https://hibid.com/lot/322740616
87,322740618,661844,14.0,0,6,5,OPEN,355238.513,Antiques & Collectibles - Collectibles - Decorative - Bowls | Antiques & Collectibles - Collectibles - Decorative | Antiques & Collectibles - Collectibles | Antiques & Collectibles,Blenko Glass Crackle Glass Hand-Blown Bowl,https://hibid.com/lot/322740618
88,322740620,661845,3.0,0,2,4,OPEN,355248.51,Antiques & Collectibles - Collectibles - Decorative - Bowls | Antiques & Collectibles - Collectibles - Decorative | Antiques & Collectibles - Collectibles | Antiques & Collectibles,Northwood Glass Opalescent “Cashew” Bowl,https://hibid.com/lot/322740620
89,322740622,661846,2.0,0,1,8,OPEN,355258.507,Antiques & Collectibles - Collectibles - Decorative - Vases / Jars | Antiques & Collectibles - Collectibles - Decorative | Antiques & Collectibles - Collectibles | Antiques & Collectibles,Murano-style Jack-in-the-Pulpit Glass Vase,https://hibid.com/lot/322740622
90,322740624,661847,2.0,0,1,11,OPEN,355268.50299999997,Antiques & Collectibles - Collectibles - Decorative - Bowls | Antiques & Collectibles - Collectibles - Decorative | Antiques & Collectibles - Collectibles | Antiques & Collectibles,Antique Goofus Glass Opalescent Bowl,https://hibid.com/lot/322740624
91,322740626,661848,3.0,0,2,7,OPEN,355278.5,Antiques & Collectibles - Collectibles - Decorative - Bowls | Antiques & Collectibles - Collectibles - Decorative | Antiques & Collectibles - Collectibles | Antiques & Collectibles,Jefferson Glass Opalescent 3-Footed Bowl,https://hibid.com/lot/322740626
92,322740628,661849,17.0,0,11,9,OPEN,355288.497,Antiques & Collectibles - Collectibles - Decorative - Vases / Jars | Antiques & Collectibles - Collectibles - Decorative | Antiques & Collectibles - Collectibles | Antiques & Collectibles,Fenton White Milk Glass Epergne,https://hibid.com/lot/322740628
93,322740630,661850,2.0,0,1,13,OPEN,355298.49,Antiques & Collectibles - Collectibles - Decorative - Bowls | Antiques & Collectibles - Collectibles - Decorative | Antiques & Collectibles - Collectibles | Antiques & Collectibles,Antique Goofus Glass Opalescent Bowl,https://hibid.com/lot/322740630
94,322740631,661851,0.0,0,0,6,OPEN,355308.48699999996,Antiques & Collectibles - Collectibles - Decorative - Vases / Jars | Antiques & Collectibles - Collectibles - Decorative | Antiques & Collectibles - Collectibles | Antiques & Collectibles,Vintage Tortoise Shell Art Glass Vase,https://hibid.com/lot/322740631
95,322740632,661852,7.0,0,4,8,OPEN,355318.483,Antiques & Collectibles - Collectibles - Kitchen / Home | Antiques & Collectibles - Collectibles | Antiques & Collectibles,Bohemian Amber Etched Glass Cruet,https://hibid.com/lot/322740632
96,322740633,661857,9.0,0,5,9,OPEN,355328.48,Antiques & Collectibles - Collectibles - Kitchen / Home | Antiques & Collectibles - Collectibles | Antiques & Collectibles,Stevens & Williams Pink Opalescent Art Glass,https://hibid.com/lot/322740633
97,322740634,661858,8.0,0,4,9,OPEN,355338.47699999996,Antiques & Collectibles - Collectibles - Kitchen / Home | Antiques & Collectibles - Collectibles | Antiques & Collectibles,Fenton Blue Cased Satin Glass Curet Hand Painted,https://hibid.com/lot/322740634
98,322740635,661859,9.0,0,8,9,OPEN,355348.473,Antiques & Collectibles - Collectibles - Kitchen / Home | Antiques & Collectibles - Collectibles | Antiques & Collectibles,Mary Gregory Cranberry “Girl” Glass Cruet &,https://hibid.com/lot/322740635
99,322740636,661860,12.0,0,9,8,OPEN,355358.47,Antiques & Collectibles - Collectibles - Kitchen / Home | Antiques & Collectibles - Collectibles | Antiques & Collectibles,Mary Gregory Cranberry “Boy” Glass Cruet & Topper,https://hibid.com/lot/322740636
100,322740637,661723,5.0,0,4,6,OPEN,355368.467,Art - Glass Art | Art,Rusty Noel Blue Trumpet Flowers Paperweight W/,https://hibid.com/lot/322740637
101,322740638,661725,3.0,0,2,7,OPEN,355377.23,Art - Glass Art | Art,Joe Rice '99 Blue Swirling Apple Paperweight,https://hibid.com/lot/322740638
102,322740639,661726,3.0,0,2,9,OPEN,355387.22699999996,Home Goods & Decor - Home Goods - Kitchen / Housewares | Home Goods & Decor - Home Goods | Home Goods & Decor,'01 Joe Rice Red Apple Paper Weight,https://hibid.com/lot/322740639
103,322740640,661727,6.0,0,3,8,OPEN,355397.22,Art - Glass Art | Art,Joe Rice Green/White Floral Apple Paperweight,https://hibid.com/lot/322740640
104,322740642,661735,4.0,0,3,6,OPEN,355407.22,Art - Glass Art | Art,‘05 Joe Rice Red Apple Paperweight,https://hibid.com/lot/322740642
105,322740644,661736,5.0,0,4,6,OPEN,355417.213,Art - Glass Art | Art,‘04 Joe Rice Green Floral Apple Paperweight,https://hibid.com/lot/322740644
106,322740645,661741,4.0,0,3,5,OPEN,355427.20999999996,Art - Glass Art | Art,Joe Rice Blue Apple Paperweight,https://hibid.com/lot/322740645
107,322740647,661743,3.0,0,2,6,OPEN,355437.207,Art - Glass Art | Art,‘08 Joe Rice Pink/Blue/Green Swirl Paperweight,https://hibid.com/lot/322740647
108,322740649,661866,3.0,0,2,5,OPEN,355447.203,Art - Glass Art | Art,'03 Joe Rice Swirl Glass Paperweight,https://hibid.com/lot/322740649
109,322740651,661867,7.0,0,3,6,OPEN,355457.2,Art - Glass Art | Art,Joe Rice Royal Blue & White Crimp Ribbon Glass,https://hibid.com/lot/322740651
110,322740657,661868,6.0,0,5,7,OPEN,355467.197,Art - Glass Art | Art,Zimmerman Art Glass White Floral Glass,https://hibid.com/lot/322740657
111,322740658,661869,4.0,0,3,6,OPEN,355477.19299999997,Art - Glass Art | Art,Gertrude Gentile Pink & Maroon Floral Cane over,https://hibid.com/lot/322740658
112,322740659,661870,4.0,0,3,7,OPEN,355487.19,Art - Glass Art | Art,'05 Joe Rice Black & Yellow Floral Apple,https://hibid.com/lot/322740659
113,322740660,661871,3.0,0,2,6,OPEN,355497.187,Antiques & Collectibles - Collectibles - Decorative - Vases / Jars | Antiques & Collectibles - Collectibles - Decorative | Antiques & Collectibles - Collectibles | Antiques & Collectibles,Joe Rice Cream Trumpet Flowers over Amber Base,https://hibid.com/lot/322740660
114,322740661,661872,4.0,0,3,7,OPEN,355507.18299999996,Art - Glass Art | Art,'00 Joe Rice Bell-Shaped Blue Ice-Pick Lily,https://hibid.com/lot/322740661
115,322740662,661873,3.0,0,2,7,OPEN,355517.18,Art - Glass Art | Art,'95 Joe Rice White Trumpet Flowers with,https://hibid.com/lot/322740662
116,322740663,661874,3.0,0,2,7,OPEN,355527.17699999997,Art - Glass Art | Art,Joe Rice Multi-Colored Swirl with Controlled,https://hibid.com/lot/322740663
117,322740665,661875,4.0,0,3,8,OPEN,355537.173,Art - Glass Art | Art,"Joe Rice Pink Daisy Trumpet Flowers, Maroon Base,",https://hibid.com/lot/322740665
118,322740667,661888,8.0,0,6,8,OPEN,355547.16699999996,Art - Glass Art | Art,'03 Joe Rice Purple Trumpet Flowers &,https://hibid.com/lot/322740667
119,322740669,661889,3.0,0,2,7,OPEN,355557.16,Art - Glass Art | Art,"'00 Joe Rice Encased Pink Trumpet Flowers, Maroon",https://hibid.com/lot/322740669
120,322740674,661890,3.0,0,2,8,OPEN,355567.157,Art - Glass Art | Art,'97 Joe Rice Encased Green Trumpet Flower,https://hibid.com/lot/322740674
121,322740675,661891,3.0,0,2,10,OPEN,355577.153,Art - Glass Art | Art,"'03 Joe Rice Cream Trumpet Flower, Green Base",https://hibid.com/lot/322740675
122,322740676,661892,4.0,0,3,8,OPEN,355587.14999999997,Art - Glass Art | Art,Zimmerman Art Glass Red & White Spotted Core with,https://hibid.com/lot/322740676
123,322740677,661897,0.0,0,0,7,OPEN,355597.147,Home Goods & Decor - Home Goods - Lighting - Lamps | Home Goods & Decor - Home Goods - Lighting | Home Goods & Decor - Home Goods | Home Goods & Decor,"Lamp Parts: 2 Hurricanes, 1 Wood Base",https://hibid.com/lot/322740677
124,322740678,661898,0.0,0,0,5,OPEN,355607.143,Lawn & Garden - Tools/Hand held items - Hand Tools | Lawn & Garden - Tools/Hand held items | Lawn & Garden,3 Jaw Gear & Bearing Puller,https://hibid.com/lot/322740678
125,322740679,661899,0.0,0,0,25,OPEN,355617.13999999996,Antiques & Collectibles - Antiques - Antique Tools | Antiques & Collectibles - Antiques | Antiques & Collectibles,"Vintage Tools: Measuring Tape, Hammer Head,",https://hibid.com/lot/322740679
126,322740680,661900,2.0,0,1,18,OPEN,355627.137,Lawn & Garden - Tools/Hand held items - Hand Tools | Lawn & Garden - Tools/Hand held items | Lawn & Garden,"Vintage Hand Tools: 3/8 Grab Hook, Chisels, Pry",https://hibid.com/lot/322740680
127,322740681,661901,2.0,0,1,17,OPEN,355637.13,Lawn & Garden - Tools/Hand held items - Hand Tools | Lawn & Garden - Tools/Hand held items | Lawn & Garden,"Hand Tools: 'S' Shaped Wrench, Wrenches, Masonry",https://hibid.com/lot/322740681
128,322740682,661902,2.0,0,1,12,OPEN,355647.127,Lawn & Garden - Tools/Hand held items - Hand Tools | Lawn & Garden - Tools/Hand held items | Lawn & Garden,"Hand Tools: Calliper, Micrometer, Pry Bar, River",https://hibid.com/lot/322740682
129,322740683,661903,2.0,0,1,18,OPEN,355657.12299999996,Toys - Vintage / Antique Toys | Toys,Misc Toy Cars & Hello Kitty Pez Dispenser: 13/14,https://hibid.com/lot/322740683
130,322740684,661906,3.0,0,2,8,OPEN,355667.12,Sporting Goods - Sporting Goods / Outdoor Recreation - Outdoor Games & Sports Equipment | Sporting Goods - Sporting Goods / Outdoor Recreation | Sporting Goods,"Mini Cross Bow & Arrow Set, Taiwan",https://hibid.com/lot/322740684
131,322740685,661914,3.0,0,2,7,OPEN,355677.11699999997,Toys - Trains / Railroad | Toys,Mantua Tyco Pennsylvania F3 Diesel Engine 9769,https://hibid.com/lot/322740685
132,322740686,661919,5.0,0,4,14,OPEN,355687.11,Antiques & Collectibles - Antiques - Antique Tools | Antiques & Collectibles - Antiques | Antiques & Collectibles,"Miniature/Childs Sad Irons & Trivets, Wooden Box",https://hibid.com/lot/322740686
133,322740687,661920,3.0,0,2,6,OPEN,355697.10699999996,Antiques & Collectibles - Antiques - Antique Tools | Antiques & Collectibles - Antiques | Antiques & Collectibles,Miniature Sad Irons,https://hibid.com/lot/322740687
134,322740688,661921,2.0,0,1,10,OPEN,355707.103,Antiques & Collectibles - Collectibles - Cast Iron | Antiques & Collectibles - Collectibles | Antiques & Collectibles,(3) Tin Match Safes: 1 Advertising Ackermann's,https://hibid.com/lot/322740688
135,322740689,661926,2.0,0,1,8,OPEN,355717.1,Antiques & Collectibles - Collectibles - Figurines | Antiques & Collectibles - Collectibles | Antiques & Collectibles,"Capodimonte Porcelain Roses & Doves, Italy",https://hibid.com/lot/322740689
136,322740690,661940,0.0,0,0,8,OPEN,355727.097,Toys - Vintage / Antique Toys | Toys,"Vintage Toys: TinkerToy, Lincoln Logs, PlaySkool",https://hibid.com/lot/322740690
137,322740691,661950,0.0,0,0,12,OPEN,355737.093,Toys - Dolls | Toys,"Tim the Tool Man Bear, Vtg Dolls: Aussie, German,",https://hibid.com/lot/322740691
138,322740692,661951,4.0,0,3,7,OPEN,355747.08999999997,Antiques & Collectibles - Collectibles - Kitchen / Home | Antiques & Collectibles - Collectibles | Antiques & Collectibles,J C Helferich & Son Detroit Mich Crock,https://hibid.com/lot/322740692
139,322740693,661952,3.0,0,2,7,OPEN,355757.083,Antiques & Collectibles - Collectibles - Kitchen / Home | Antiques & Collectibles - Collectibles | Antiques & Collectibles,2 lb Dairylea Crock Syracuse NY,https://hibid.com/lot/322740693
140,322740694,661953,9.0,0,7,8,OPEN,355767.07999999996,Antiques & Collectibles - Collectibles - Decorative - Vases / Jars | Antiques & Collectibles - Collectibles - Decorative | Antiques & Collectibles - Collectibles | Antiques & Collectibles,Wooden Covered Urn Vessel,https://hibid.com/lot/322740694
141,322740695,661954,5.0,0,3,7,OPEN,355777.077,Business & Industrial - Medical Supplies / Lab Equipment | Business & Industrial,"Upjohn Doctor's Medical Bag, Top Grade Genuine",https://hibid.com/lot/322740695
142,322740696,661969,0.0,0,0,7,OPEN,355787.073,Furniture - Mirrors | Furniture,Vtg Framed Michigan State University Panel Wall,https://hibid.com/lot/322740696
143,322740697,661980,0.0,0,0,8,OPEN,355797.07,Construction & Farm - Livestock Equipment - Handling Equipment | Construction & Farm - Livestock Equipment | Construction & Farm,Iron Horse Hames Harness,https://hibid.com/lot/322740697
144,322740698,661991,7.0,0,6,6,OPEN,355807.067,Sporting Goods - Fishing | Sporting Goods,"Fishing Tackle: Hooks, Jigs, Plastic Worms & More",https://hibid.com/lot/322740698
145,322740699,661992,7.0,0,6,5,OPEN,355817.06299999997,Sporting Goods - Fishing | Sporting Goods,"Fishing Tackle: Eagle Claw hooks, Bobbers, & More",https://hibid.com/lot/322740699
146,322740700,661998,7.0,0,6,9,OPEN,355827.06,Sporting Goods - Fishing | Sporting Goods,"Fishing Tackle: Bobbers, Hooks, Lures & More",https://hibid.com/lot/322740700
147,322740701,661999,7.0,0,7,7,OPEN,355837.057,Sporting Goods - Fishing | Sporting Goods,"Fishing Tackle: Jigs, Spinner Baits & More",https://hibid.com/lot/322740701
148,322740702,662000,3.0,0,2,7,OPEN,355847.05299999996,Sporting Goods - Fishing | Sporting Goods,"Fishing Tackle: Plastic Worms, Grubs, Jigs & More",https://hibid.com/lot/322740702
149,322740703,662001,7.0,0,6,11,OPEN,355857.05,Sporting Goods - Fishing | Sporting Goods,"Plano Tackle Box with Lures, Baits & Hooks",https://hibid.com/lot/322740703
150,322740704,662002,9.0,0,7,8,OPEN,355867.04699999996,Sporting Goods - Fishing | Sporting Goods,"Pocket Fisherman, Minn Kota Propeller, Fish Hooks",https://hibid.com/lot/322740704
151,322740705,662003,2.0,0,1,8,OPEN,355877.043,Art - Sculptures / Carvings / Statues | Art,"2 Wooden African Carvings: Tribal Man, Unity Globe",https://hibid.com/lot/322740705
152,322740706,662004,6.0,0,5,7,OPEN,355887.04,Construction & Farm - Shop / Warehouse - Automotive | Construction & Farm - Shop / Warehouse | Construction & Farm,"Auto XS Battery Charger,EverStart 750W Power",https://hibid.com/lot/322740706
153,322740707,662005,0.0,0,0,4,OPEN,355897.037,Home Goods & Decor - Home Goods - Other Items - Other,(3) Safe Point Combo Cable Locks,https://hibid.com/lot/322740707
154,322740708,662006,2.0,0,1,8,OPEN,355907.033,Construction & Farm - Shop / Warehouse - Automotive | Construction & Farm - Shop / Warehouse | Construction & Farm,"12v Electric Snail Horn, Red/Black Truck Flare",https://hibid.com/lot/322740708
155,322740709,662007,8.0,0,7,6,OPEN,355917.027,Sporting Goods - Firearms / Weapons - Knives / Blades | Sporting Goods - Firearms / Weapons | Sporting Goods,Woodsman Survival Knife Taiwan,https://hibid.com/lot/322740709
156,322740710,662008,7.0,0,6,6,OPEN,355927.023,Sporting Goods - Firearms / Weapons - Knives / Blades | Sporting Goods - Firearms / Weapons | Sporting Goods,Frost Cutlery Pocket Knife with Straight Razor,https://hibid.com/lot/322740710
157,322740711,662011,6.0,0,5,4,OPEN,355937.01999999996,"Jewelry, Watches & Gemstones - Jewelry - Fine Jewelry - Pins / Brooches | Jewelry, Watches & Gemstones - Jewelry - Fine Jewelry | Jewelry, Watches & Gemstones - Jewelry | Jewelry, Watches & Gemstones","Buckwheat for President Campaign Pin, circa 1983",https://hibid.com/lot/322740711
158,322740712,662012,2.0,0,1,8,OPEN,355947.017,Antiques & Collectibles - Collectibles - Sports Cards / Memorabilia - Autographs | Antiques & Collectibles - Collectibles - Sports Cards / Memorabilia | Antiques & Collectibles - Collectibles | Antiques & Collectibles,Magazines & Signed Hockey Memorabilia & More:,https://hibid.com/lot/322740712
159,322740713,662013,2.0,0,1,16,OPEN,355957.01,Toys - Vintage / Antique Toys | Toys,"(2) Tin Litho Truck Banks, RCA speakers",https://hibid.com/lot/322740713
160,322740714,662014,13.0,0,11,8,OPEN,355967.007,Antiques & Collectibles - Collectibles - Kitchen / Home | Antiques & Collectibles - Collectibles | Antiques & Collectibles,Tea Caddy w/ Ornate Metal Framework,https://hibid.com/lot/322740714
161,322740715,662015,2.0,0,1,9,OPEN,355977.00299999997,Home Goods & Decor - Home Goods - Clocks | Home Goods & Decor - Home Goods | Home Goods & Decor,"Cintempra Square Slate Clock, #3301 works!",https://hibid.com/lot/322740715
162,322740716,663476,0.0,0,0,5,OPEN,355987,Home Goods & Decor - Home Goods - Appliances - Heating / Air Conditioning | Home Goods & Decor - Home Goods - Appliances | Home Goods & Decor - Home Goods | Home Goods & Decor,"(2) Filtrete 1550 Air Filters, 16x25x4, Factory",https://hibid.com/lot/322740716
163m,322740717,663495,56.0,0,23,3,OPEN,355996.99299999996,Coins & Currency - Coins - US - Dollars | Coins & Currency - Coins - US | Coins & Currency - Coins | Coins & Currency,"2025 1 oz American Eagle One Dollar Coin,",https://hibid.com/lot/322740717
164m,322740718,663496,56.0,0,24,3,OPEN,356006.99299999996,Coins & Currency - Coins - US - Dollars | Coins & Currency - Coins - US | Coins & Currency - Coins | Coins & Currency,"2025 1 oz American Silver Eagle One Dollar Coin,",https://hibid.com/lot/322740718
165m,322740719,663507,55.0,0,24,3,OPEN,356016.99,Coins & Currency - Coins - US - Dollars | Coins & Currency - Coins - US | Coins & Currency - Coins | Coins & Currency,"2015 1 oz American Silver Eagle One Dollar Coin,",https://hibid.com/lot/322740719
166m,322740720,663508,56.0,0,23,3,OPEN,356026.99,Coins & Currency - Coins - US - Dollars | Coins & Currency - Coins - US | Coins & Currency - Coins | Coins & Currency,"2004 1 oz American Silver Eagle One Dollar Coin,",https://hibid.com/lot/322740720
167m,322740721,663509,60.0,0,20,3,OPEN,356036.983,Coins & Currency - Coins - US - Dollars | Coins & Currency - Coins - US | Coins & Currency - Coins | Coins & Currency,"2025 1 oz American Silver Eagle One Dollar Coin,",https://hibid.com/lot/322740721
168,322740722,663514,13.0,0,7,2,OPEN,356046.98,Coins & Currency - Coins - US - Dollars | Coins & Currency - Coins - US | Coins & Currency - Coins | Coins & Currency,"1977 Eisenhower Dollar Coin, 40% Silver,",https://hibid.com/lot/322740722
169,322740723,663515,12.0,0,7,2,OPEN,356056.98,Coins & Currency - Coins - US - Dollars | Coins & Currency - Coins - US | Coins & Currency - Coins | Coins & Currency,"1978 Eisenhower Dollar Coin, 40% Silver",https://hibid.com/lot/322740723
170,322740724,663517,12.0,0,7,2,OPEN,356066.97699999996,Coins & Currency - Coins - US - Dollars | Coins & Currency - Coins - US | Coins & Currency - Coins | Coins & Currency,"1978 Eisenhower Dollar Coin, 40% Silver,",https://hibid.com/lot/322740724
171,322740725,663518,11.0,0,4,2,OPEN,356076.973,Coins & Currency - Coins - US - Dollars | Coins & Currency - Coins - US | Coins & Currency - Coins | Coins & Currency,"1976 Eisenhower Dollar Coin, 40% Silver,",https://hibid.com/lot/322740725
172,322740726,663519,11.0,0,3,2,OPEN,356086.97,Coins & Currency - Coins - US - Dollars | Coins & Currency - Coins - US | Coins & Currency - Coins | Coins & Currency,"1974 Eisenhower Dollar Coin, 40% Silver,",https://hibid.com/lot/322740726
173,322740727,663520,12.0,0,7,2,OPEN,356096.967,Coins & Currency - Coins - US - Dollars | Coins & Currency - Coins - US | Coins & Currency - Coins | Coins & Currency,"1974 Eisenhower Dollar Coin, 40% Silver,",https://hibid.com/lot/322740727
174,322740728,663521,12.0,0,7,2,OPEN,356106.963,Coins & Currency - Coins - US - Dollars | Coins & Currency - Coins - US | Coins & Currency - Coins | Coins & Currency,"1973 Eisenhower Dollar Coin, 40% Silver,",https://hibid.com/lot/322740728
175,322740729,663522,11.0,0,4,2,OPEN,356116.95999999996,Coins & Currency - Coins - US - Dollars | Coins & Currency - Coins - US | Coins & Currency - Coins | Coins & Currency,"1973 Eisenhower Dollar Coin, 40% Silver,",https://hibid.com/lot/322740729
176,322740730,663523,12.0,0,7,2,OPEN,356126.957,Coins & Currency - Coins - US - Dollars | Coins & Currency - Coins - US | Coins & Currency - Coins | Coins & Currency,"1972 Eisenhower Dollar Coin, 40% Silver,",https://hibid.com/lot/322740730
177,322740731,663524,9.0,0,6,2,OPEN,356136.953,Coins & Currency - Coins - US - Dollars | Coins & Currency - Coins - US | Coins & Currency - Coins | Coins & Currency,"1971 Eisenhower Dollar Coin, 40% Silver,",https://hibid.com/lot/322740731
178,322740732,663526,47.0,0,24,2,OPEN,356146.95,Coins & Currency - Coins - US - Dollars | Coins & Currency - Coins - US | Coins & Currency - Coins | Coins & Currency,"1928 Liberty Dollar Coin, 90% Silver",https://hibid.com/lot/322740732
179,322740733,663619,8.0,0,5,2,OPEN,356156.947,Coins & Currency - Coins - US - Dollars | Coins & Currency - Coins - US | Coins & Currency - Coins | Coins & Currency,"1972 Eisenhower Dollar Coin, 40% Silver",https://hibid.com/lot/322740733
180,322740734,663620,18.0,0,11,2,OPEN,356166.94299999997,Coins & Currency - Coins - US - Half Dollars | Coins & Currency - Coins - US | Coins & Currency - Coins | Coins & Currency,"1964 Kennedy Half Dollar, 90% Silver & 2001",https://hibid.com/lot/322740734
181,322740735,663629,12.0,0,11,11,OPEN,356176.94,Home Goods & Decor - Home Goods - Kitchen / Housewares | Home Goods & Decor - Home Goods | Home Goods & Decor,"Corelle Coordinates Stoneware Bowl Set, Fruit",https://hibid.com/lot/322740735
182,322740736,663634,2.0,0,1,10,OPEN,356186.937,Antiques & Collectibles - Collectibles - Kitchen / Home | Antiques & Collectibles - Collectibles | Antiques & Collectibles,Enamelware Bed Pan & Tea Pot with wooden,https://hibid.com/lot/322740736
183,322740737,663635,5.0,0,4,10,OPEN,356196.93299999996,Home Goods & Decor - Home Goods - Kitchen / Housewares | Home Goods & Decor - Home Goods | Home Goods & Decor,5 Gal Western Cold Drink Stoneware Dispenser,https://hibid.com/lot/322740737
184,322740738,663636,25.0,0,18,8,OPEN,356206.93,Art - Sculptures / Carvings / Statues | Art,"""Memories"" Sculpture by Alice Heath, Austin",https://hibid.com/lot/322740738
185,322740739,663641,2.0,0,1,10,OPEN,356216.923,Antiques & Collectibles - Antiques - Maps / Globes | Antiques & Collectibles - Antiques | Antiques & Collectibles,"World Classic 12"" Globe, Wood Magazine Rack",https://hibid.com/lot/322740739
186,322740740,663642,2.0,0,1,8,OPEN,356226.923,Antiques & Collectibles - Collectibles - Decorative - Vases / Jars | Antiques & Collectibles - Collectibles - Decorative | Antiques & Collectibles - Collectibles | Antiques & Collectibles,"Murano Style Tall Vase, Heavy",https://hibid.com/lot/322740740
187,322740741,663643,2.0,0,1,15,OPEN,356236.92,Antiques & Collectibles - Collectibles - Childrens Books | Antiques & Collectibles - Collectibles | Antiques & Collectibles,Vtg Children's Books & Puzzles: Little Golden,https://hibid.com/lot/322740741
188,322740742,663644,0.0,0,0,5,OPEN,356246.91699999996,Antiques & Collectibles - Collectibles - Books | Antiques & Collectibles - Collectibles | Antiques & Collectibles,"Lego Creator 31036/31033 Instruction Booklets,",https://hibid.com/lot/322740742
189,322740743,663645,0.0,0,0,16,OPEN,356256.913,Antiques & Collectibles - Collectibles - Magazines | Antiques & Collectibles - Collectibles | Antiques & Collectibles,"Life & Look Magazines: 1964, 1967, 1968, 1971,",https://hibid.com/lot/322740743
190,322740744,663646,3.0,0,2,6,OPEN,356266.91,Art - Prints / Lithographs | Art,"Loon Family Print, Kathleen Whitehead, Signed,",https://hibid.com/lot/322740744
191,322740745,663647,2.0,0,1,36,OPEN,356276.907,Antiques & Collectibles - Collectibles - Kitchen / Home | Antiques & Collectibles - Collectibles | Antiques & Collectibles,Johann Haviland Twilight Rose 8 Place Settings &,https://hibid.com/lot/322740745
192,322740746,663654,3.0,0,2,11,OPEN,356286.89999999997,Antiques & Collectibles - Collectibles - Decorative - Vases / Jars | Antiques & Collectibles - Collectibles - Decorative | Antiques & Collectibles - Collectibles | Antiques & Collectibles,"Art Deco Sculpted Glass Vase, Star Flower",https://hibid.com/lot/322740746
193,322740747,663655,10.0,0,6,8,OPEN,356296.89999999997,Home Goods & Decor - Home Goods - Kitchen / Housewares | Home Goods & Decor - Home Goods | Home Goods & Decor,"Salmon Falls Stoneware Glazed Ceramic Bean Pot,",https://hibid.com/lot/322740747
194,322740748,663663,3.0,0,2,4,OPEN,356306.893,Lawn & Garden - Outdoors | Lawn & Garden,"(2) Tarps: Blue 20'x40'?, Tan: 7'x7' these sizes",https://hibid.com/lot/322740748
195,322740749,663672,5.0,0,5,8,OPEN,356316.88999999996,Sporting Goods - Firearms / Weapons - Knives / Blades | Sporting Goods - Firearms / Weapons | Sporting Goods,"SOG SOGfari 13"" Sawback Machete, Nylon Case,",https://hibid.com/lot/322740749
196,322740750,663673,9.0,0,8,12,OPEN,356326.883,Sporting Goods - Firearms / Weapons - Knives / Blades | Sporting Goods - Firearms / Weapons | Sporting Goods,Sheffield Rogue Knife & Sabre a Champagne,https://hibid.com/lot/322740750
197,322740751,663674,2.0,0,1,11,OPEN,356336.88,Sporting Goods - Firearms / Weapons - Knives / Blades | Sporting Goods - Firearms / Weapons | Sporting Goods,"Outdoor Edge WildPair, Mini Cleaver, Knife",https://hibid.com/lot/322740751
198,322740752,663753,3.0,0,2,10,OPEN,356346.88,Home Goods & Decor - Home Goods - Kitchen / Housewares | Home Goods & Decor - Home Goods | Home Goods & Decor,"White Rhino Rolling Tray, Nectar Collector. Tray:",https://hibid.com/lot/322740752
199,322740753,663754,8.0,0,4,6,OPEN,356356.877,Lawn & Garden - Outdoors | Lawn & Garden,Vtg Mr & Mrs Santa Plastic Christmas Yard Stakes,https://hibid.com/lot/322740753
200,322740754,663755,11.0,0,6,7,OPEN,356366.87,Antiques & Collectibles - Collectibles - Decorative - Ornaments | Antiques & Collectibles - Collectibles - Decorative | Antiques & Collectibles - Collectibles | Antiques & Collectibles,General Foam Illuminated Frosty Snowman Blow,https://hibid.com/lot/322740754
201,322740755,663756,6.0,0,4,5,OPEN,356375.62299999996,Antiques & Collectibles - Collectibles - Decorative - Ornaments | Antiques & Collectibles - Collectibles - Decorative | Antiques & Collectibles - Collectibles | Antiques & Collectibles,General Foam Illuminated Snowman Blow Mold,https://hibid.com/lot/322740755
202,322740756,663761,9.0,0,8,10,OPEN,356385.62,Antiques & Collectibles - Collectibles - Decorative - Ornaments | Antiques & Collectibles - Collectibles - Decorative | Antiques & Collectibles - Collectibles | Antiques & Collectibles,Pair of Empire Illuminated Noel Candle Blow,https://hibid.com/lot/322740756
203,322740757,663762,5.0,0,4,7,OPEN,356395.61699999997,Antiques & Collectibles - Collectibles - Decorative - Ornaments | Antiques & Collectibles - Collectibles - Decorative | Antiques & Collectibles - Collectibles | Antiques & Collectibles,"Pair of Empire Illuminated Candy Cane Blow Molds,",https://hibid.com/lot/322740757
204,322740758,663770,5.0,0,4,6,OPEN,356405.613,Lawn & Garden - Outdoors | Lawn & Garden,"Hand-Blown Glass Fly, Wasp, Bee Trap",https://hibid.com/lot/322740758
205,322740759,663771,0.0,0,0,12,OPEN,356415.61,Home Goods & Decor - Home Goods - Small Appliances | Home Goods & Decor - Home Goods | Home Goods & Decor,Sunbeam 'World's Best Electric' Iron,https://hibid.com/lot/322740759
206,322740760,663772,2.0,0,1,11,OPEN,356425.60699999996,Computers & Electronics - Cameras & Camera Accessories - Vintage Cameras | Computers & Electronics - Cameras & Camera Accessories | Computers & Electronics,"MovieGraph 16mm Projector, Model 6743",https://hibid.com/lot/322740760
207,322740761,663776,4.0,0,3,9,OPEN,356435.603,Home Goods & Decor - Home Goods - Movies | Home Goods & Decor - Home Goods | Home Goods & Decor,Mickey Mouse Disney 8mm Films: Pluto's Shower,https://hibid.com/lot/322740761
208,322740762,663780,8.0,0,5,6,OPEN,356445.6,Home Goods & Decor - Home Goods - Musical Instruments | Home Goods & Decor - Home Goods | Home Goods & Decor,Bach soloist trombone and hard carrying case,https://hibid.com/lot/322740762
209,322740763,663781,2.0,0,1,11,OPEN,356455.597,Home Goods & Decor - Home Goods - Movies | Home Goods & Decor - Home Goods | Home Goods & Decor,"(2) 16mm Films: McDougall Alley, Unknown",https://hibid.com/lot/322740763
210,322740764,663782,21.0,0,8,7,OPEN,356465.593,Home Goods & Decor - Home Goods - Musical Instruments | Home Goods & Decor - Home Goods | Home Goods & Decor,Ion brand electric guitar with soft Carrington,https://hibid.com/lot/322740764
211,322740765,663874,3.0,0,2,5,OPEN,356475.58999999997,Toys - Vintage / Antique Toys | Toys,Mechanical Climbing Monkey Toy,https://hibid.com/lot/322740765
212,322740766,663875,7.0,0,6,10,OPEN,356485.587,Toys - Vintage / Antique Toys | Toys,"Tin Litho Friction Motorcycle, Original Box",https://hibid.com/lot/322740766
213,322740767,663876,4.0,0,2,12,OPEN,356495.583,Toys - Vintage / Antique Toys | Toys,"Winner 95 Friction Motorcycle with Bullet Sound,",https://hibid.com/lot/322740767
214,322740768,663988,2.0,0,1,14,OPEN,356505.57999999996,Antiques & Collectibles - Collectibles - Die Cast Collectible Cars | Antiques & Collectibles - Collectibles | Antiques & Collectibles,Nascar Teams 1:64 Die-Cast Transporters: 1994,https://hibid.com/lot/322740768
215,322740769,663989,2.0,0,1,16,OPEN,356515.573,Antiques & Collectibles - Collectibles - Die Cast Collectible Cars | Antiques & Collectibles - Collectibles | Antiques & Collectibles,1996 Racing Champions 1/64 Die-Cast Opening Hood,https://hibid.com/lot/322740769
216,322740770,663995,2.0,0,1,23,OPEN,356525.57,Antiques & Collectibles - Collectibles - Die Cast Collectible Cars | Antiques & Collectibles - Collectibles | Antiques & Collectibles,"NASCAR Racing Champions 1996 1:64 Die-Cast, 1:24",https://hibid.com/lot/322740770
217,322740771,664008,0.0,0,0,5,OPEN,356535.567,Toys - Vintage / Antique Toys | Toys,"1:18 Scale Die-Cast 1955 Ford Thunderbird, Road",https://hibid.com/lot/322740771
218,322740772,664013,6.0,0,3,9,OPEN,356545.56299999997,Antiques & Collectibles - Collectibles - Decorative - Ornaments | Antiques & Collectibles - Collectibles - Decorative | Antiques & Collectibles - Collectibles | Antiques & Collectibles,Empire Illuminated Nativity Set,https://hibid.com/lot/322740772
219,322740773,664014,2.0,0,1,5,OPEN,356555.56,Computers & Electronics - Consumer Electronics - Home Audio - Receivers / Amplifiers | Computers & Electronics - Consumer Electronics - Home Audio | Computers & Electronics - Consumer Electronics | Computers & Electronics,"Glarry Electric Bass Amplifier GB-20, Portable",https://hibid.com/lot/322740773
220,322740774,664015,0.0,0,0,8,OPEN,356565.557,Fashion - Women's Bags & Purses | Fashion,"“Red Hats” (2) Hat Carriers, Purse, (3) Hats,",https://hibid.com/lot/322740774
221,322740775,664016,3.0,0,2,6,OPEN,356575.55,Home Goods & Decor - Home Goods - Clocks | Home Goods & Decor - Home Goods | Home Goods & Decor,"Lanshire Time for Luck Horse Electric Clock,",https://hibid.com/lot/322740775
222,322740776,664024,0.0,0,0,6,OPEN,356585.54699999996,Home Goods & Decor - Home Goods - Lighting - Lamps | Home Goods & Decor - Home Goods - Lighting | Home Goods & Decor - Home Goods | Home Goods & Decor,"I Love Lucy Rotating Lamp, doesn't rotate",https://hibid.com/lot/322740776
223,322740777,664025,2.0,0,1,7,OPEN,356595.543,Computers & Electronics - Cameras & Camera Accessories - Vintage Cameras | Computers & Electronics - Cameras & Camera Accessories | Computers & Electronics,"Vintage Camera Lot Polaroid, Brownie Hawkeye, &",https://hibid.com/lot/322740777
224,322740778,664030,2.0,0,1,8,OPEN,356605.54,Antiques & Collectibles - Antiques - Clothing / Fabric / Textiles | Antiques & Collectibles - Antiques | Antiques & Collectibles,"1946 Tailor Salesman Sample Box: Fabric,",https://hibid.com/lot/322740778
225,322740779,664031,31.0,0,21,10,OPEN,356615.537,Sporting Goods - Firearms / Weapons - Knives / Blades | Sporting Goods - Firearms / Weapons | Sporting Goods,"Masonic Knights Templar Ceremonial Sword,",https://hibid.com/lot/322740779
226,322740780,664038,2.0,0,1,10,OPEN,356625.52999999997,Antiques & Collectibles - Collectibles - Stamps - Mixed Lot | Antiques & Collectibles - Collectibles - Stamps | Antiques & Collectibles - Collectibles | Antiques & Collectibles,"World of Stamps Series: Historic American Flags,",https://hibid.com/lot/322740780
227,322740781,664039,2.0,0,1,9,OPEN,356635.52999999997,Antiques & Collectibles - Collectibles - Stamps - Specialty / Collectible / Novelty | Antiques & Collectibles - Collectibles - Stamps | Antiques & Collectibles - Collectibles | Antiques & Collectibles,"Postal Commerative Society First Day Covers,",https://hibid.com/lot/322740781
228,322740782,664043,0.0,0,0,6,OPEN,356645.523,Toys - Dolls | Toys,(3) Collectible Memories Porcelain Dolls,https://hibid.com/lot/322740782
229,322740783,664047,0.0,0,0,5,OPEN,356655.51999999996,Toys - Games | Toys,"Assortment of Board games monopoly, Bingo-Matic,",https://hibid.com/lot/322740783
230,322740784,664052,0.0,0,0,9,OPEN,356665.51999999996,Toys - Dolls | Toys,"Ashton-Drake Havin' A Ball 1993 Porcelain Doll,",https://hibid.com/lot/322740784
231,322740785,664051,5.0,0,4,7,OPEN,356675.51,Antiques & Collectibles - Collectibles - Kitchen / Home | Antiques & Collectibles - Collectibles | Antiques & Collectibles,Carnival Iridescent Amber Glass with Ruffled Edge,https://hibid.com/lot/322740785
232,322740786,664053,2.0,0,1,8,OPEN,356685.507,Antiques & Collectibles - Collectibles - Pitchers / Decanters | Antiques & Collectibles - Collectibles | Antiques & Collectibles,Royal Nippon Nishiki Tankard Pitcher Flowers Pink,https://hibid.com/lot/322740786
233,322740787,664057,3.0,0,2,17,OPEN,356695.50299999997,Home Goods & Decor - Home Goods - Kitchen / Housewares | Home Goods & Decor - Home Goods | Home Goods & Decor,Silver-Plate & Stainless Silverware and Serving,https://hibid.com/lot/322740787
234,322740788,664058,15.0,0,9,7,OPEN,356705.5,Home Goods & Decor - Home Goods - Kitchen / Housewares | Home Goods & Decor - Home Goods | Home Goods & Decor,Pyrex Town & Country Brown on White mixing bowls,https://hibid.com/lot/322740788
235,322740789,664059,3.0,0,2,9,OPEN,356715.497,Home Goods & Decor - Home Goods - Kitchen / Housewares | Home Goods & Decor - Home Goods | Home Goods & Decor,Anchor Hocking Fire King (2) Mixing Bowls (1),https://hibid.com/lot/322740789
236,322740790,664060,2.0,0,1,11,OPEN,356725.49299999996,Toys - Vintage / Antique Toys | Toys,"Hess Toy Truck & Racers, Patrol Car",https://hibid.com/lot/322740790
237,322740791,664070,12.0,0,11,9,OPEN,356735.49,Home Goods & Decor - Home Goods - Appliances - Heating / Air Conditioning | Home Goods & Decor - Home Goods - Appliances | Home Goods & Decor - Home Goods | Home Goods & Decor,Mr.Heater portable Buddy,https://hibid.com/lot/322740791
238,322740792,664071,0.0,0,0,13,OPEN,356745.48699999996,Antiques & Collectibles - Collectibles - Sports Cards / Memorabilia - Memorabilia | Antiques & Collectibles - Collectibles - Sports Cards / Memorabilia | Antiques & Collectibles - Collectibles | Antiques & Collectibles,"Nascar Memorabilia: Photos, Postcards, Programs,",https://hibid.com/lot/322740792
239,322740793,664075,0.0,0,0,9,OPEN,356755.483,Antiques & Collectibles - Collectibles - Die Cast Collectible Cars | Antiques & Collectibles - Collectibles | Antiques & Collectibles,"Nascar Die-Cast 1:64 scale: Factory Error 4 Pack,",https://hibid.com/lot/322740793
240,322740794,664076,0.0,0,0,13,OPEN,356765.48,Toys - Vintage / Antique Toys | Toys,"Ertl Modified Legends Die-Cast, Matchbox Dirt",https://hibid.com/lot/322740794
241,322740795,664077,2.0,0,1,10,OPEN,356775.47699999996,Toys - Vintage / Antique Toys | Toys,A13 Drone HD Aircraft,https://hibid.com/lot/322740795
242,322740796,664078,2.0,0,1,9,OPEN,356785.47,Antiques & Collectibles - Collectibles - Sports Cards / Memorabilia - Memorabilia | Antiques & Collectibles - Collectibles - Sports Cards / Memorabilia | Antiques & Collectibles - Collectibles | Antiques & Collectibles,"Nascar Richard Petty Collector's Set, 1999",https://hibid.com/lot/322740796
243,322740797,664079,2.0,0,1,8,OPEN,356795.47,Art - Pottery / Ceramics | Art,Hull Pottery Blushing Apple Cookie Jar,https://hibid.com/lot/322740797
244,322740798,664087,3.0,0,2,13,OPEN,356805.467,Antiques & Collectibles - Collectibles - Stoneware / Pfaltzgraff /Earthenware | Antiques & Collectibles - Collectibles | Antiques & Collectibles,"Pfaltzgraff Yorktowne Canisters, Platter, Cups,",https://hibid.com/lot/322740798
245,322740799,664088,2.0,0,1,12,OPEN,356815.45999999996,Antiques & Collectibles - Collectibles - Books | Antiques & Collectibles - Collectibles | Antiques & Collectibles,"Holy Bible in Wood Keepsake Box, King James",https://hibid.com/lot/322740799
246,322740800,664089,0.0,0,0,17,OPEN,356825.457,Antiques & Collectibles - Collectibles - Kitchen / Home | Antiques & Collectibles - Collectibles | Antiques & Collectibles,"Pink Depression Glasses, Rose Porcelain Basket,",https://hibid.com/lot/322740800
247,322740801,664090,2.0,0,1,10,OPEN,356835.453,Home Goods & Decor - Home Goods - Kitchen / Housewares | Home Goods & Decor - Home Goods | Home Goods & Decor,Casa Vero Grape Tuscany Canisters,https://hibid.com/lot/322740801
248,322740802,664091,2.0,0,1,4,OPEN,356845.45,Home Goods & Decor - Home Goods - Kitchen / Housewares | Home Goods & Decor - Home Goods | Home Goods & Decor,Brasil Cocktail Forks with Natural Stones,https://hibid.com/lot/322740802
249,322740803,664092,0.0,0,0,7,OPEN,356855.447,Toys - Dolls | Toys,Pair of Korean Hanbok Folk Art Dolls on Bases,https://hibid.com/lot/322740803
250,322740804,664093,2.0,0,1,8,OPEN,356865.44299999997,Art - Sculptures / Carvings / Statues | Art,"Copper & Brass Boatswain's Call, Legend Products",https://hibid.com/lot/322740804
251,322740805,664094,7.0,0,4,6,OPEN,356875.437,Toys - Vintage / Antique Toys | Toys,"Tonka Turbo Diesel XMB-975 Dump Truck, Pressed",https://hibid.com/lot/322740805
252,322740806,664100,11.0,0,6,5,OPEN,356885.43,Sporting Goods - Firearms / Weapons - Ammunition | Sporting Goods - Firearms / Weapons | Sporting Goods,"9mm Luger 115 GR FMJ WPA Polyformance, 83 Rounds",https://hibid.com/lot/322740806
253,322740807,664101,22.0,0,14,7,OPEN,356895.42699999997,Sporting Goods - Firearms / Weapons - Ammunition | Sporting Goods - Firearms / Weapons | Sporting Goods,"22LR 37 Grain Winchester & 40 Grain Blazer, 140",https://hibid.com/lot/322740807
254,322740808,664102,12.0,0,8,7,OPEN,356905.42,Sporting Goods - Firearms / Weapons - Ammunition | Sporting Goods - Firearms / Weapons | Sporting Goods,"12 Gauge 2 3/4"" 6 Shot Federal Classic 25 Rounds",https://hibid.com/lot/322740808
255,322740809,664107,2.0,0,1,4,OPEN,356915.42,Art - Paintings | Art,"Victorian Woman in Floral Hat, Canvas , Wood",https://hibid.com/lot/322740809
256,322740810,664126,306.0,0,38,4,OPEN,356925.41699999996,"Jewelry, Watches & Gemstones - Jewelry - Fine Jewelry - Rings | Jewelry, Watches & Gemstones - Jewelry - Fine Jewelry | Jewelry, Watches & Gemstones - Jewelry | Jewelry, Watches & Gemstones","14k Gold Men's Wedding Ring, 8.94 Gram",https://hibid.com/lot/322740810
257,322740811,664138,4.0,0,3,3,OPEN,356935.413,Home Goods & Decor - Home Goods - Kitchen / Housewares | Home Goods & Decor - Home Goods | Home Goods & Decor,Stained Acrylic Panel,https://hibid.com/lot/322740811
258,322740812,664147,2.0,0,1,6,OPEN,356945.41,Art - Posters | Art,The Chief Is Still Chief Santa Fe Framed Poster,https://hibid.com/lot/322740812
259,322740813,664152,2.0,0,1,9,OPEN,356955.39999999997,Art - Prints / Lithographs | Art,"Five Rise Lock print, Signed Michael Chapin,",https://hibid.com/lot/322740813
260,322740814,664157,15.0,0,12,4,OPEN,356965.397,Lawn & Garden - Outdoors | Lawn & Garden,Hanging Bull skull,https://hibid.com/lot/322740814
261,322740815,664158,4.0,0,3,6,OPEN,356975.393,Antiques & Collectibles - Collectibles - Kitchen / Home | Antiques & Collectibles - Collectibles | Antiques & Collectibles,Albany slip Red wing Minnesota stone wear jug,https://hibid.com/lot/322740815
262,322740816,664159,6.0,0,5,5,OPEN,356985.38999999996,Art - Prints / Lithographs | Art,Hull art U.S.A. 52 -6 1/4,https://hibid.com/lot/322740816
263,322740817,664160,7.0,0,4,5,OPEN,356995.387,Antiques & Collectibles - Collectibles - Decorative - Vases / Jars | Antiques & Collectibles - Collectibles - Decorative | Antiques & Collectibles - Collectibles | Antiques & Collectibles,Red Wing U.S.A. 1893 vase floral design,https://hibid.com/lot/322740817
264,322740818,664161,6.0,0,5,6,OPEN,357005.383,Antiques & Collectibles - Collectibles - Kitchen / Home | Antiques & Collectibles - Collectibles | Antiques & Collectibles,Tom the pipers son boy and pig tea pot,https://hibid.com/lot/322740818
265,322740819,664162,4.0,0,3,5,OPEN,357015.38,Antiques & Collectibles - Collectibles - Decorative - Vases / Jars | Antiques & Collectibles - Collectibles - Decorative | Antiques & Collectibles - Collectibles | Antiques & Collectibles,Heavy apple paper weight and Abingdon USA ships,https://hibid.com/lot/322740819
266,322740820,664163,4.0,0,3,4,OPEN,357025.37299999996,Antiques & Collectibles - Collectibles - Decorative - Planters | Antiques & Collectibles - Collectibles - Decorative | Antiques & Collectibles - Collectibles | Antiques & Collectibles,Vtg Shawnee pig planter,https://hibid.com/lot/322740820
267,322740821,664168,0.0,0,0,3,OPEN,357035.37,Antiques & Collectibles - Collectibles - Decorative - Vases / Jars | Antiques & Collectibles - Collectibles - Decorative | Antiques & Collectibles - Collectibles | Antiques & Collectibles,Mid century modern green 13.25 x9.25 In flower,https://hibid.com/lot/322740821
268,322740822,664169,2.0,0,1,7,OPEN,357045.37,Antiques & Collectibles - Collectibles - Decorative - Vases / Jars | Antiques & Collectibles - Collectibles - Decorative | Antiques & Collectibles - Collectibles | Antiques & Collectibles,Phoenix consolidated glass pillow vase Wild,https://hibid.com/lot/322740822
269,322740823,664170,0.0,0,0,4,OPEN,357055.363,Antiques & Collectibles - Collectibles - Kitchen / Home | Antiques & Collectibles - Collectibles | Antiques & Collectibles,Brown glazed chamber pot,https://hibid.com/lot/322740823
270,322740824,664171,3.0,0,2,6,OPEN,357065.36,Antiques & Collectibles - Collectibles - Kitchen / Home | Antiques & Collectibles - Collectibles | Antiques & Collectibles,Salt glaze jug with turkey droppings,https://hibid.com/lot/322740824
271,322740825,664172,3.0,0,2,7,OPEN,357075.35699999996,Antiques & Collectibles - Collectibles - Kitchen / Home | Antiques & Collectibles - Collectibles | Antiques & Collectibles,Crocksville Ohio #2 gallon crock sm rim chip,https://hibid.com/lot/322740825
272,322740826,664173,13.0,0,4,10,OPEN,357085.353,Antiques & Collectibles - Collectibles - Kitchen / Home | Antiques & Collectibles - Collectibles | Antiques & Collectibles,Red Wing 2 gallon crock #2 . No cracks but does,https://hibid.com/lot/322740826
273,322740827,664174,2.0,0,1,8,OPEN,357095.35,Antiques & Collectibles - Antiques - Antique Lamps | Antiques & Collectibles - Antiques | Antiques & Collectibles,Dietz ny USA #2 D-LITE lantern (13 x 8.5in ),https://hibid.com/lot/322740827
274,322740828,664175,0.0,0,0,6,OPEN,357105.347,Art - Pottery / Ceramics | Art,Design by Mara mex stone wear/pottery corked,https://hibid.com/lot/322740828
275,322740829,664180,3.0,0,2,6,OPEN,357115.343,Antiques & Collectibles - Collectibles - Kitchen / Home | Antiques & Collectibles - Collectibles | Antiques & Collectibles,Evens nickle silver prohibition era hip flask,https://hibid.com/lot/322740829
276,322740830,664189,2.0,0,1,7,OPEN,357125.33999999997,Art - Pottery / Ceramics | Art,Vintage native american pottery,https://hibid.com/lot/322740830
277,322740831,664190,2.0,0,1,9,OPEN,357135.337,Antiques & Collectibles - Collectibles - Kitchen / Home | Antiques & Collectibles - Collectibles | Antiques & Collectibles,Vintage hand painted cookie jar made in USA tex,https://hibid.com/lot/322740831
278,322740832,664191,2.0,0,1,9,OPEN,357145.32999999996,Antiques & Collectibles - Collectibles - Decorative - Vases / Jars | Antiques & Collectibles - Collectibles - Decorative | Antiques & Collectibles - Collectibles | Antiques & Collectibles,1950s royal Copley ivory footed vase and blue,https://hibid.com/lot/322740832
279,322740833,664192,2.0,0,1,7,OPEN,357155.327,Antiques & Collectibles - Collectibles - Kitchen / Home | Antiques & Collectibles - Collectibles | Antiques & Collectibles,Vintage hand painted cookie jar /crock floral,https://hibid.com/lot/322740833
280,322740834,664193,0.0,0,0,8,OPEN,357165.323,Antiques & Collectibles - Collectibles - Kitchen / Home | Antiques & Collectibles - Collectibles | Antiques & Collectibles,Nest of 3 vintage green glass bowls one large,https://hibid.com/lot/322740834
281,322740835,664198,10.0,0,8,5,OPEN,357175.32,Antiques & Collectibles - Collectibles - Decorative - Vases / Jars | Antiques & Collectibles - Collectibles - Decorative | Antiques & Collectibles - Collectibles | Antiques & Collectibles,Fenton Mary Gregory cruet,https://hibid.com/lot/322740835
282,322740836,664199,2.0,0,1,8,OPEN,357185.317,Art - Sculptures / Carvings / Statues | Art,Italian sculpture Bianchi mother and child,https://hibid.com/lot/322740836
283,322740837,664200,2.0,0,1,11,OPEN,357195.31299999997,Home Goods & Decor - Home Goods - Kitchen / Housewares | Home Goods & Decor - Home Goods | Home Goods & Decor,Six glass boots,https://hibid.com/lot/322740837
284,322740838,664201,8.0,0,6,5,OPEN,357205.31,Antiques & Collectibles - Collectibles - Figurines | Antiques & Collectibles - Collectibles | Antiques & Collectibles,Powell & Hyde musical Trolly San Francisco works,https://hibid.com/lot/322740838
285,322740839,664202,0.0,0,0,4,OPEN,357215.307,Antiques & Collectibles - Collectibles - Kitchen / Home | Antiques & Collectibles - Collectibles | Antiques & Collectibles,Duncan and Miller glass basket,https://hibid.com/lot/322740839
286,322740840,664207,2.0,0,1,7,OPEN,357225.30299999996,Home Goods & Decor - Home Goods - Kitchen / Housewares | Home Goods & Decor - Home Goods | Home Goods & Decor,16 x12 inch Blue Enamel wear Roasting Pan,https://hibid.com/lot/322740840
287,322740841,664212,24.0,0,12,6,OPEN,357235.3,Antiques & Collectibles - Collectibles - Kitchen / Home | Antiques & Collectibles - Collectibles | Antiques & Collectibles,Watt USA oven wear #14,https://hibid.com/lot/322740841
288,322740842,664213,0.0,0,0,4,OPEN,357245.287,Antiques & Collectibles - Collectibles - Decorative - Vases / Jars | Antiques & Collectibles - Collectibles - Decorative | Antiques & Collectibles - Collectibles | Antiques & Collectibles,Large mcm green glass vase,https://hibid.com/lot/322740842
289,322740843,664214,6.0,0,5,4,OPEN,357255.29,Home Goods & Decor - Home Goods - Lighting - Lamps | Home Goods & Decor - Home Goods - Lighting | Home Goods & Decor - Home Goods | Home Goods & Decor,Pair of fancy table lams,https://hibid.com/lot/322740843
290,322740844,664219,11.0,0,8,8,OPEN,357265.287,Antiques & Collectibles - Collectibles - Kitchen / Home | Antiques & Collectibles - Collectibles | Antiques & Collectibles,Victorian brides basket quad plate silver made in,https://hibid.com/lot/322740844
291,322740845,664220,2.0,0,1,11,OPEN,357275.27999999997,Antiques & Collectibles - Collectibles - Kitchen / Home | Antiques & Collectibles - Collectibles | Antiques & Collectibles,White opalescent Ruffled Candy Dish,https://hibid.com/lot/322740845
292,322740846,664221,0.0,0,0,7,OPEN,357285.27999999997,Antiques & Collectibles - Collectibles - Figurines | Antiques & Collectibles - Collectibles | Antiques & Collectibles,Lot of five figurines man women and tree is a,https://hibid.com/lot/322740846
293,322740847,664223,2.0,0,1,9,OPEN,357295.273,Antiques & Collectibles - Collectibles - Kitchen / Home | Antiques & Collectibles - Collectibles | Antiques & Collectibles,White Opalescent Finger Loop Dish,https://hibid.com/lot/322740847
294,322740848,664222,5.0,0,4,5,OPEN,357305.26999999996,Home Goods & Decor - Home Goods - Kitchen / Housewares | Home Goods & Decor - Home Goods | Home Goods & Decor,Black amethyst candle sticks,https://hibid.com/lot/322740848
295,322740849,664224,12.0,0,7,9,OPEN,357315.267,Antiques & Collectibles - Collectibles - Decorative - Bowls | Antiques & Collectibles - Collectibles - Decorative | Antiques & Collectibles - Collectibles | Antiques & Collectibles,Cranberry Opalescent Hobnail Bowl,https://hibid.com/lot/322740849
296,322740850,664227,0.0,0,0,5,OPEN,357325.263,Antiques & Collectibles - Collectibles - Kitchen / Home | Antiques & Collectibles - Collectibles | Antiques & Collectibles,Green glass anvil glass Swan and 6 salt cellars,https://hibid.com/lot/322740850
297,322740851,664228,2.0,0,1,9,OPEN,357335.26,Antiques & Collectibles - Collectibles - Kitchen / Home | Antiques & Collectibles - Collectibles | Antiques & Collectibles,White Opalescent Dish,https://hibid.com/lot/322740851
298,322740852,664229,2.0,0,1,5,OPEN,357345.257,Lawn & Garden - Tools/Hand held items - Toolboxes | Lawn & Garden - Tools/Hand held items | Lawn & Garden,Galvanized tool box,https://hibid.com/lot/322740852
299,322740853,664230,3.0,0,2,7,OPEN,357355.25299999997,Antiques & Collectibles - Collectibles - Kitchen / Home | Antiques & Collectibles - Collectibles | Antiques & Collectibles,Blue Opalescent Ruffled Hobnail Dish,https://hibid.com/lot/322740853
300,322740854,664231,3.0,0,2,5,OPEN,357365.25,Antiques & Collectibles - Collectibles - Decorative - Vases / Jars | Antiques & Collectibles - Collectibles - Decorative | Antiques & Collectibles - Collectibles | Antiques & Collectibles,Marabou glass vase with applied cobalt,https://hibid.com/lot/322740854
301,322740855,664232,6.0,0,5,7,OPEN,357374.01999999996,Home Goods & Decor - Home Goods - Kitchen / Housewares | Home Goods & Decor - Home Goods | Home Goods & Decor,Whit Opalescent With Goofus Glass Dish,https://hibid.com/lot/322740855
302,322740856,664233,2.0,0,1,4,OPEN,357384.017,Antiques & Collectibles - Antiques - Antique Tools | Antiques & Collectibles - Antiques | Antiques & Collectibles,Antique log irons,https://hibid.com/lot/322740856
303,322740857,664234,4.0,0,3,7,OPEN,357394.013,Antiques & Collectibles - Collectibles - Kitchen / Home | Antiques & Collectibles - Collectibles | Antiques & Collectibles,Blue Opalescent Argonaut Shell Dish,https://hibid.com/lot/322740857
305,322740858,664235,2.0,0,1,10,OPEN,357404.01,Antiques & Collectibles - Collectibles - Kitchen / Home | Antiques & Collectibles - Collectibles | Antiques & Collectibles,White Opalescent With Goodus Glass Dish,https://hibid.com/lot/322740858
307,322740859,664236,3.0,0,2,9,OPEN,357414.007,Antiques & Collectibles - Collectibles - Kitchen / Home | Antiques & Collectibles - Collectibles | Antiques & Collectibles,Blue Opalescent Dish,https://hibid.com/lot/322740859
308,322740860,664237,4.0,0,3,9,OPEN,357424.00299999997,Antiques & Collectibles - Collectibles - Kitchen / Home | Antiques & Collectibles - Collectibles | Antiques & Collectibles,White Opalescent Dish,https://hibid.com/lot/322740860
309,322740861,664242,0.0,0,0,5,OPEN,357434,Antiques & Collectibles - Collectibles - Cultures / Ethnicities | Antiques & Collectibles - Collectibles | Antiques & Collectibles,Buffalo skull with Indian art,https://hibid.com/lot/322740861
310,322740862,664247,10.0,0,9,4,OPEN,357443.997,Antiques & Collectibles - Collectibles - Decorative - Vases / Jars | Antiques & Collectibles - Collectibles - Decorative | Antiques & Collectibles - Collectibles | Antiques & Collectibles,Fenton hob nail vase,https://hibid.com/lot/322740862
311,322740863,664260,0.0,0,0,6,OPEN,357453.99,Home Goods & Decor - Home Goods - Kitchen / Housewares | Home Goods & Decor - Home Goods | Home Goods & Decor,hand blown glass dog swizzle stick and mixing,https://hibid.com/lot/322740863
312,322740864,664262,10.0,0,9,7,OPEN,357463.99,Antiques & Collectibles - Collectibles - Kitchen / Home | Antiques & Collectibles - Collectibles | Antiques & Collectibles,Vintage Pharmacy & apothecary solid heavy brass,https://hibid.com/lot/322740864
313,322740865,664263,3.0,0,2,4,OPEN,357473.98699999996,Antiques & Collectibles - Collectibles - Kitchen / Home | Antiques & Collectibles - Collectibles | Antiques & Collectibles,Small 2.5 in x 2 in solid brass mortar and pestal,https://hibid.com/lot/322740865
314,322740866,664264,2.0,0,1,7,OPEN,357483.98,Antiques & Collectibles - Collectibles - Kitchen / Home | Antiques & Collectibles - Collectibles | Antiques & Collectibles,Warranted T.M.& S. Acid proof 2/0 late 19th,https://hibid.com/lot/322740866
315,322740867,664265,2.0,0,1,5,OPEN,357493.98,Home Goods & Decor - Home Goods - Kitchen / Housewares | Home Goods & Decor - Home Goods | Home Goods & Decor,Large 16 oz clear glass mortar and pestle,https://hibid.com/lot/322740867
316,322740868,664266,2.0,0,1,5,OPEN,357503.97699999996,Antiques & Collectibles - Antiques - Antique Lamps | Antiques & Collectibles - Antiques | Antiques & Collectibles,Pair of brass and marble antique lamps,https://hibid.com/lot/322740868
317,322740869,664267,2.0,0,1,9,OPEN,357513.97,Home Goods & Decor - Home Goods - Kitchen / Housewares | Home Goods & Decor - Home Goods | Home Goods & Decor,Lincoln beauty box . Chrome bread box and cutting,https://hibid.com/lot/322740869
318,322740870,664268,2.0,0,2,4,OPEN,357523.97,Antiques & Collectibles - Collectibles - Automobilia | Antiques & Collectibles - Collectibles | Antiques & Collectibles,"9x3.5 inch, Ford truck emblems",https://hibid.com/lot/322740870
319,322740871,664269,16.0,0,7,5,OPEN,357533.967,Antiques & Collectibles - Collectibles - Decorative - Vases / Jars | Antiques & Collectibles - Collectibles - Decorative | Antiques & Collectibles - Collectibles | Antiques & Collectibles,Vintage marano fish tail vase,https://hibid.com/lot/322740871
320,322740872,664270,2.0,0,1,10,OPEN,357543.95999999996,Antiques & Collectibles - Collectibles - Kitchen / Home | Antiques & Collectibles - Collectibles | Antiques & Collectibles,Hull tea set w26 w27 w28 tea pot cream & sugar,https://hibid.com/lot/322740872
321,322740873,664277,3.0,0,2,6,OPEN,357553.95999999996,Antiques & Collectibles - Collectibles - Kitchen / Home | Antiques & Collectibles - Collectibles | Antiques & Collectibles,Checz bohemian 24k gold enamel on cobalt blue,https://hibid.com/lot/322740873
322,322740874,664278,3.0,0,2,4,OPEN,357563.957,Antiques & Collectibles - Collectibles - Decorative - Vases / Jars | Antiques & Collectibles - Collectibles - Decorative | Antiques & Collectibles - Collectibles | Antiques & Collectibles,Frosted bohemian glass vase,https://hibid.com/lot/322740874
323,322740875,664279,3.0,0,2,6,OPEN,357573.953,Antiques & Collectibles - Collectibles - Kitchen / Home | Antiques & Collectibles - Collectibles | Antiques & Collectibles,Fenton hobnail cruet alongside French amber glass,https://hibid.com/lot/322740875
324,322740876,664285,0.0,0,0,4,OPEN,357583.95,Antiques & Collectibles - Collectibles - Kitchen / Home | Antiques & Collectibles - Collectibles | Antiques & Collectibles,1847 Roger's Bros' silver platted butter dish,https://hibid.com/lot/322740876
325,322740877,664290,0.0,0,0,7,OPEN,357593.947,Antiques & Collectibles - Collectibles - Decorative - Vases / Jars | Antiques & Collectibles - Collectibles - Decorative | Antiques & Collectibles - Collectibles | Antiques & Collectibles,10 mixed antique bottles apothecary medical and,https://hibid.com/lot/322740877
326,322740878,664295,0.0,0,0,5,OPEN,357603.94299999997,Antiques & Collectibles - Antiques - Antique Tools | Antiques & Collectibles - Antiques | Antiques & Collectibles,Primitive hand tools,https://hibid.com/lot/322740878
327,322740879,664296,0.0,0,0,6,OPEN,357613.94,Antiques & Collectibles - Collectibles - Kitchen / Home | Antiques & Collectibles - Collectibles | Antiques & Collectibles,Primitive canning jar lift home cherry stoner &,https://hibid.com/lot/322740879
328,322740880,664297,4.0,0,3,5,OPEN,357623.93299999996,Antiques & Collectibles - Antiques - Antique Tools | Antiques & Collectibles - Antiques | Antiques & Collectibles,Lansing pure ice co . Ice tongs,https://hibid.com/lot/322740880
329,322740881,664298,2.0,0,1,7,OPEN,357633.93,Antiques & Collectibles - Antiques - Antique Tools | Antiques & Collectibles - Antiques | Antiques & Collectibles,Primitive horse shears,https://hibid.com/lot/322740881
330,322740882,664299,2.0,0,1,5,OPEN,357643.93,Sporting Goods - Hunting & Trapping | Sporting Goods,Tree/telephone pole climbing spikes 15 1/2,https://hibid.com/lot/322740882
331,322740883,664308,2.0,0,1,16,OPEN,357653.923,Antiques & Collectibles - Collectibles - Kitchen / Home | Antiques & Collectibles - Collectibles | Antiques & Collectibles,Tin type brass buckle photo album missing top,https://hibid.com/lot/322740883
332,322740884,664309,3.0,0,2,6,OPEN,357663.92,Antiques & Collectibles - Collectibles - Kitchen / Home | Antiques & Collectibles - Collectibles | Antiques & Collectibles,5 x 7.5 inch unmarked crock,https://hibid.com/lot/322740884
333,322740885,664316,3.0,0,2,6,OPEN,357673.91699999996,Antiques & Collectibles - Collectibles - Kitchen / Home | Antiques & Collectibles - Collectibles | Antiques & Collectibles,7.25 x 4.75 in unmarked crock,https://hibid.com/lot/322740885
334,322740886,664317,2.0,0,1,5,OPEN,357683.913,Sporting Goods - Sporting Goods / Outdoor Recreation - Outdoor Games & Sports Equipment | Sporting Goods - Sporting Goods / Outdoor Recreation | Sporting Goods,Bushnell 8x21 compact Binoculars pov 330ft at,https://hibid.com/lot/322740886
335,322740887,664318,2.0,0,1,6,OPEN,357693.91,Antiques & Collectibles - Antiques - Antique Furniture | Antiques & Collectibles - Antiques | Antiques & Collectibles,Solid oak Amish style antique press back chair,https://hibid.com/lot/322740887
