lot,intent,condition,current_bid,ev_low,ev_high,bargain,risk_adj_bid,personal_stretch,abs_ceiling,notes
256,"Intrinsic/value","Good used",306,630,700,TRUE,500,525,550,"14K hallmark visible; 8.94g scale; gross melt about $700.54 at valuation spot"
194,"Personal use","Folded/unknown",3,55,80,TRUE,25,40,50,"Explicit personal-use intent; large tarp replacement cost substantial; hidden tears/dimensions unknown"
208,"Resale / possible personal","Good-looking untested",8,120,180,TRUE,45,65,85,"Bach Soloist with case/mouthpiece; playability risk"
183,"Resale/collectible","Fair/good",5,90,130,TRUE,40,55,70,"Western 5-gal dispenser with lid/spigot; hidden hairline/fragility risk"
237,"Personal/farm/shop","Good used untested",12,55,70,TRUE,30,40,50,"Mr Heater Buddy; new retail about $107; function/safety untested"
68,"Resale/local sports","Fair/good",3,75,110,TRUE,30,45,55,"Beckett documentation visible; yellowed ball/light signature"
152,"Personal/shop","Good-looking untested",6,45,60,TRUE,20,30,35,"EverStart 750W inverter plus Auto XS charger; electrical function unknown"
30,"Resale/local collectible","Fair",6,45,65,TRUE,20,30,40,"Grand Rapids Creamery advertising; chips/spalls"
138,"Resale/local collectible","Fair",4,50,75,TRUE,20,30,40,"Detroit advertising crock; condition limits value"
261,"Resale/collectible","Fair/good",4,60,90,TRUE,25,40,50,"Red Wing/Union Stoneware jug; hidden hairline risk"
328,"Resale/local collectible","Fair",4,30,50,TRUE,15,25,35,"Lansing Pure Ice Co. cast lettering; strong local identity"
124,"Personal/shop","Good used",0,20,30,TRUE,12,18,22,"Generic complete-looking 3-jaw puller"
128,"Personal/shop","Good used",2,25,35,TRUE,15,22,28,"Slocomb 3-4 micrometer plus gauges/tools; calibration unknown"
126,"Personal/shop","Used/rusty",2,12,18,TRUE,6,10,12,"Common hooks/chisels/nippers"
127,"Personal/shop","Used",2,12,18,TRUE,6,10,12,"Common wrenches/masonry tools"
273,"Personal/decor/resale","Fair/good",2,20,30,TRUE,10,15,20,"Dietz No.2 D-Lite clear globe; common but complete-looking"
298,"Personal/shop","Fair",2,20,30,TRUE,10,15,20,"Large toolbox; useful, low resale"
141,"Resale/local collectible","Fair",5,20,30,TRUE,10,15,20,"Empty worn Upjohn cowhide bag"
212,"Resale/collectible","Good",7,25,40,TRUE,10,18,25,"Tin litho motorcycle with box; maker/age unknown"
263,"Resale/collectible","Good",7,30,45,TRUE,12,18,25,"Red Wing vase; common category"
29,"Resale/collectible","Fair/good",5,20,30,TRUE,8,12,18,"Small Wesson Oil crock"
32,"Resale/medical collectible","Good",3,20,30,TRUE,8,12,18,"Silver nitrate reagent bottle with stopper"
28,"Local collectible","Good/fair",0,15,25,TRUE,6,10,15,"Saginaw bottle plus 7UP"
314,"Resale/collectible","Fair/good",2,15,25,TRUE,6,10,15,"Acid-proof porcelain mortar/pestle"
325,"Resale/collectible","Mixed good",0,20,35,TRUE,8,12,18,"Mixed bottle lot; no standout found"
251,"Resale/collectible","Good used",7,25,40,TRUE,10,15,20,"Later-era Tonka"
207,"Resale/collectible","Fair",4,20,30,TRUE,8,12,15,"Disney 8mm films; untested"
163m,"Intrinsic/value","Bright",56,62,68,FALSE,54,56,58,"ASE appearance; tax exempt; authenticity not proven"
164m,"Intrinsic/value","Bright",56,62,68,FALSE,54,56,58,"ASE appearance; tax exempt; authenticity not proven"
165m,"Intrinsic/value","Bright",55,62,68,FALSE,54,56,58,"ASE appearance; tax exempt; authenticity not proven"
166m,"Intrinsic/value","Bright",56,62,68,FALSE,54,56,58,"ASE appearance; tax exempt; authenticity not proven"
167m,"Intrinsic/value","Bright",60,62,68,FALSE,54,56,58,"Already above absolute hammer cap for this model"
178,"Intrinsic/value","Poor",47,46,50,FALSE,40,42,43,"1928 Peace dollar; melt about $46.89; badly damaged rim"
180,"Intrinsic/value","Circulated",18,22,24,TRUE,18,19,20,"One 1964 silver half plus one clad 2001 half"
33,"Collectible uncertain","Good visually",2,10,20,FALSE,5,8,10,"Roycroft attribution not established"
125,"Personal/shop low priority","Mixed",0,10,15,FALSE,5,8,10,"Mixed/incomplete common tools"
143,"Decor/farm","Poor/fair",0,5,12,FALSE,4,6,8,"Rough hames; decor"
272,"Resale/collectible","Fair",13,30,45,FALSE,12,18,22,"Large rim chip"
312,"Decor/collectible","Good",10,20,35,FALSE,10,15,20,"Antique pharmacy provenance not established"
313,"Decor/collectible","Good",3,8,15,FALSE,4,6,8,"Tiny common brass mortar/pestle"
315,"Decor/collectible","Good",2,10,18,FALSE,5,8,10,"Common clear glass mortar/pestle"
318,"Personal/decor low priority","Fair used",2,8,15,FALSE,4,6,8,"Modern Ford emblems; fitment unknown"
326,"Personal/decor low priority","Poor/fair",0,5,12,FALSE,4,6,8,"Heavy-rust mixed tools"
329,"Farm/decor","Poor/fair",2,5,12,FALSE,4,6,8,"Heavy-rust horse shears"
334,"Personal low priority","Fair/good",2,8,12,FALSE,4,6,8,"Common Bushnell compact binoculars"
